x,y,Team,Against,Scored,Match No,Date
123.96799999999996,114.53,preston-north-end,fulham,Missed,20,13-08-2016
74.23999999999995,205.712,preston-north-end,fulham,Missed,20,13-08-2016
106.49599999999998,154.61,preston-north-end,fulham,Missed,20,13-08-2016
118.59199999999998,232.76600000000002,preston-north-end,fulham,Missed,20,13-08-2016
74.23999999999995,165.29800000000003,preston-north-end,fulham,Missed,20,13-08-2016
59.90399999999994,182.666,preston-north-end,fulham,Missed,20,13-08-2016
54.079999999999984,143.922,preston-north-end,fulham,Missed,20,13-08-2016
113.66399999999993,276.85400000000004,preston-north-end,fulham,Missed,20,13-08-2016
52.287999999999954,223.08,preston-north-end,fulham,Missed,20,13-08-2016
65.27999999999997,154.61,preston-north-end,fulham,Scored,20,13-08-2016
70.65599999999995,236.44,preston-north-end,fulham,Missed,20,13-08-2016
98.43200000000002,175.652,preston-north-end,fulham,Missed,20,13-08-2016
63.039999999999964,160.62199999999999,preston-north-end,fulham,Missed,20,13-08-2016
71.55199999999996,159.954,preston-north-end,fulham,Missed,20,13-08-2016
64.38399999999996,169.64000000000001,preston-north-end,fulham,Missed,20,13-08-2016
65.28,199.70000000000002,fulham,preston-north-end,Missed,20,13-08-2016
128.89600000000002,144.59,fulham,preston-north-end,Missed,20,13-08-2016
58.56,200.36800000000002,fulham,preston-north-end,Missed,20,13-08-2016
50.94399999999999,173.64800000000002,fulham,preston-north-end,Missed,20,13-08-2016
145.47200000000004,149.93400000000003,fulham,preston-north-end,Missed,20,13-08-2016
73.344,225.084,fulham,preston-north-end,Missed,20,13-08-2016
31.232000000000028,169.64000000000001,fulham,preston-north-end,Scored,20,13-08-2016
59.45600000000002,206.714,fulham,preston-north-end,Missed,20,13-08-2016
74.68799999999999,115.86600000000004,fulham,preston-north-end,Missed,20,13-08-2016
80.51200000000003,235.10399999999998,fulham,preston-north-end,Missed,20,13-08-2016
53.18399999999999,242.452,fulham,preston-north-end,Missed,20,13-08-2016
115.45600000000002,203.04000000000002,fulham,preston-north-end,Missed,20,13-08-2016
59.00799999999998,168.304,fulham,preston-north-end,Missed,20,13-08-2016
67.07200000000003,189.346,fulham,preston-north-end,Scored,20,13-08-2016
81.85600000000002,177.99,fulham,preston-north-end,Missed,20,13-08-2016
54.080000000000005,201.704,fulham,preston-north-end,Missed,20,13-08-2016
65.72799999999995,197.02800000000002,qpr,preston-north-end,Missed,43,20-08-2016
80.06399999999996,185.33800000000002,qpr,preston-north-end,Missed,43,20-08-2016
125.75999999999999,215.39800000000002,qpr,preston-north-end,Missed,43,20-08-2016
64.38399999999996,195.692,qpr,preston-north-end,Missed,43,20-08-2016
59.007999999999925,230.428,qpr,preston-north-end,Missed,43,20-08-2016
130.68799999999993,173.64800000000002,qpr,preston-north-end,Missed,43,20-08-2016
75.13599999999997,119.874,qpr,preston-north-end,Missed,43,20-08-2016
84.09600000000002,177.322,preston-north-end,qpr,Missed,43,20-08-2016
38.400000000000006,181.33,preston-north-end,qpr,Scored,43,20-08-2016
59.90399999999999,125.88600000000002,preston-north-end,qpr,Missed,43,20-08-2016
100.67200000000004,180.662,preston-north-end,qpr,Missed,43,20-08-2016
61.69600000000002,146.59400000000002,preston-north-end,qpr,Missed,43,20-08-2016
56.76799999999998,175.986,preston-north-end,qpr,Missed,43,20-08-2016
38.400000000000006,179.994,preston-north-end,qpr,Scored,43,20-08-2016
112.32000000000001,120.20800000000003,preston-north-end,qpr,Missed,43,20-08-2016
119.48799999999999,235.10399999999998,preston-north-end,qpr,Missed,43,20-08-2016
73.344,219.74,preston-north-end,qpr,Missed,43,20-08-2016
121.72799999999998,212.05800000000002,preston-north-end,qpr,Missed,43,20-08-2016
150.39999999999998,186.674,ipswich,preston-north-end,Scored,56,27-08-2016
65.72799999999995,210.722,ipswich,preston-north-end,Missed,56,27-08-2016
72.44799999999992,172.98000000000002,ipswich,preston-north-end,Missed,56,27-08-2016
82.30399999999997,141.584,ipswich,preston-north-end,Missed,56,27-08-2016
155.32799999999992,144.59,ipswich,preston-north-end,Missed,56,27-08-2016
120.38399999999996,173.64800000000002,ipswich,preston-north-end,Missed,56,27-08-2016
86.33599999999996,170.30800000000002,ipswich,preston-north-end,Missed,56,27-08-2016
81.856,186.006,ipswich,preston-north-end,Missed,56,27-08-2016
75.13600000000002,254.47600000000003,preston-north-end,ipswich,Missed,56,27-08-2016
83.64799999999998,196.36,preston-north-end,ipswich,Missed,56,27-08-2016
43.77600000000001,130.228,preston-north-end,ipswich,Missed,56,27-08-2016
64.38399999999999,142.92000000000002,preston-north-end,ipswich,Missed,56,27-08-2016
54.97600000000001,153.274,preston-north-end,ipswich,Missed,56,27-08-2016
125.31200000000004,119.874,preston-north-end,ipswich,Missed,56,27-08-2016
100.67199999999997,169.64000000000001,preston-north-end,barnsley,Missed,66,10-09-2016
62.591999999999985,188.01000000000002,preston-north-end,barnsley,Missed,66,10-09-2016
53.632000000000005,239.112,preston-north-end,barnsley,Missed,66,10-09-2016
72.44799999999992,162.292,preston-north-end,barnsley,Missed,66,10-09-2016
68.86399999999998,175.986,preston-north-end,barnsley,Missed,66,10-09-2016
80.06399999999996,127.89000000000001,preston-north-end,barnsley,Missed,66,10-09-2016
62.591999999999985,223.74800000000002,preston-north-end,barnsley,Missed,66,10-09-2016
114.11199999999997,244.45600000000002,preston-north-end,barnsley,Scored,66,10-09-2016
46.91199999999998,160.95600000000002,preston-north-end,barnsley,Missed,66,10-09-2016
68.416,239.446,preston-north-end,barnsley,Missed,66,10-09-2016
214.01599999999996,174.984,preston-north-end,barnsley,Missed,66,10-09-2016
52.287999999999954,201.036,preston-north-end,barnsley,Missed,66,10-09-2016
59.90399999999994,204.376,preston-north-end,barnsley,Missed,66,10-09-2016
77.37599999999998,201.704,preston-north-end,barnsley,Missed,66,10-09-2016
64.38399999999996,121.87800000000001,preston-north-end,barnsley,Missed,66,10-09-2016
99.77599999999995,224.75,preston-north-end,barnsley,Missed,66,10-09-2016
78.71999999999997,139.91400000000002,preston-north-end,barnsley,Missed,66,10-09-2016
100.67199999999997,120.20800000000003,preston-north-end,barnsley,Missed,66,10-09-2016
64.38399999999996,233.10000000000002,preston-north-end,barnsley,Missed,66,10-09-2016
116.35199999999998,271.51,preston-north-end,barnsley,Missed,66,10-09-2016
78.72,120.542,barnsley,preston-north-end,Missed,66,10-09-2016
130.24,245.45800000000003,barnsley,preston-north-end,Missed,66,10-09-2016
130.688,107.51600000000002,barnsley,preston-north-end,Missed,66,10-09-2016
46.01600000000002,136.24,barnsley,preston-north-end,Missed,66,10-09-2016
61.69600000000002,159.62,barnsley,preston-north-end,Missed,66,10-09-2016
24.96,170.976,barnsley,preston-north-end,Scored,66,10-09-2016
75.13600000000002,228.424,barnsley,preston-north-end,Missed,66,10-09-2016
74.24000000000001,110.85600000000002,barnsley,preston-north-end,Missed,66,10-09-2016
61.69600000000002,157.95000000000002,barnsley,preston-north-end,Missed,66,10-09-2016
75.584,66.76800000000003,barnsley,preston-north-end,Missed,66,10-09-2016
173.69600000000003,206.714,barnsley,preston-north-end,Missed,66,10-09-2016
116.80000000000001,184.002,barnsley,preston-north-end,Missed,66,10-09-2016
74.24000000000001,116.53399999999999,barnsley,preston-north-end,Scored,66,10-09-2016
71.55200000000002,258.484,barnsley,preston-north-end,Missed,66,10-09-2016
137.85600000000002,113.19399999999999,barnsley,preston-north-end,Missed,66,10-09-2016
62.14399999999995,183.334,preston-north-end,cardiff,Missed,77,13-09-2016
67.51999999999998,197.02800000000002,preston-north-end,cardiff,Missed,77,13-09-2016
112.76799999999992,151.604,preston-north-end,cardiff,Missed,77,13-09-2016
62.591999999999985,183.334,preston-north-end,cardiff,Missed,77,13-09-2016
124.86399999999998,158.952,preston-north-end,cardiff,Missed,77,13-09-2016
76.92799999999994,159.62,preston-north-end,cardiff,Missed,77,13-09-2016
115.00799999999992,134.57000000000002,preston-north-end,cardiff,Missed,77,13-09-2016
114.11199999999997,225.084,preston-north-end,cardiff,Missed,77,13-09-2016
54.079999999999984,237.776,preston-north-end,cardiff,Scored,77,13-09-2016
68.86399999999998,281.86400000000003,preston-north-end,cardiff,Missed,77,13-09-2016
115.90399999999994,197.02800000000002,preston-north-end,cardiff,Missed,77,13-09-2016
61.247999999999934,115.53200000000001,preston-north-end,cardiff,Scored,77,13-09-2016
135.16799999999995,173.64800000000002,preston-north-end,cardiff,Missed,77,13-09-2016
67.072,217.402,preston-north-end,cardiff,Missed,77,13-09-2016
123.51999999999998,207.382,preston-north-end,cardiff,Missed,77,13-09-2016
58.111999999999966,131.564,preston-north-end,cardiff,Missed,77,13-09-2016
121.27999999999997,130.228,preston-north-end,cardiff,Missed,77,13-09-2016
117.69599999999997,121.54399999999998,preston-north-end,cardiff,Missed,77,13-09-2016
69.31200000000001,252.472,preston-north-end,cardiff,Missed,77,13-09-2016
117.69599999999997,126.554,preston-north-end,cardiff,Scored,77,13-09-2016
135.16799999999995,184.002,preston-north-end,cardiff,Missed,77,13-09-2016
63.48799999999998,113.52800000000002,cardiff,preston-north-end,Missed,77,13-09-2016
55.42399999999999,190.014,cardiff,preston-north-end,Missed,77,13-09-2016
128,241.784,cardiff,preston-north-end,Missed,77,13-09-2016
111.87200000000003,174.984,cardiff,preston-north-end,Missed,77,13-09-2016
107.84,61.75800000000004,cardiff,preston-north-end,Missed,77,13-09-2016
93.05600000000003,145.592,cardiff,preston-north-end,Missed,77,13-09-2016
166.97600000000003,156.948,cardiff,preston-north-end,Missed,77,13-09-2016
69.76,156.948,cardiff,preston-north-end,Missed,77,13-09-2016
31.232000000000028,215.06400000000002,cardiff,preston-north-end,Missed,77,13-09-2016
176.38400000000001,134.57000000000002,cardiff,preston-north-end,Missed,77,13-09-2016
63.936000000000014,256.81399999999996,cardiff,preston-north-end,Missed,77,13-09-2016
46.46399999999999,154.61,cardiff,preston-north-end,Missed,77,13-09-2016
155.32799999999997,157.616,cardiff,preston-north-end,Missed,77,13-09-2016
116.80000000000001,217.402,cardiff,preston-north-end,Missed,77,13-09-2016
60.35200000000003,174.65,cardiff,preston-north-end,Missed,77,13-09-2016
141.88799999999992,188.01000000000002,brentford,preston-north-end,Missed,87,17-09-2016
52.287999999999954,131.89800000000002,brentford,preston-north-end,Scored,87,17-09-2016
83.19999999999999,226.75400000000002,brentford,preston-north-end,Missed,87,17-09-2016
62.591999999999985,145.258,brentford,preston-north-end,Missed,87,17-09-2016
31.67999999999995,145.258,brentford,preston-north-end,Missed,87,17-09-2016
138.752,195.024,brentford,preston-north-end,Missed,87,17-09-2016
66.17599999999999,166.96800000000002,brentford,preston-north-end,Missed,87,17-09-2016
76.92799999999994,136.90800000000002,brentford,preston-north-end,Missed,87,17-09-2016
48.70399999999995,148.598,brentford,preston-north-end,Scored,87,17-09-2016
43.32799999999992,184.67000000000002,brentford,preston-north-end,Scored,87,17-09-2016
49.15199999999999,231.43,brentford,preston-north-end,Scored,87,17-09-2016
55.42399999999992,145.258,brentford,preston-north-end,Scored,87,17-09-2016
110.52799999999998,239.44600000000003,preston-north-end,brentford,Missed,87,17-09-2016
143.68,214.73000000000002,preston-north-end,brentford,Missed,87,17-09-2016
118.59200000000004,246.12600000000003,preston-north-end,brentford,Missed,87,17-09-2016
54.080000000000005,155.946,preston-north-end,brentford,Missed,87,17-09-2016
83.2,120.87600000000003,preston-north-end,brentford,Missed,87,17-09-2016
52.287999999999975,146.26000000000002,preston-north-end,brentford,Missed,87,17-09-2016
133.37600000000003,239.112,preston-north-end,brentford,Missed,87,17-09-2016
65.28,228.758,preston-north-end,brentford,Missed,87,17-09-2016
58.56,164.964,preston-north-end,brentford,Missed,87,17-09-2016
131.13600000000002,244.79000000000002,preston-north-end,brentford,Missed,87,17-09-2016
77.82399999999998,194.356,preston-north-end,brentford,Missed,87,17-09-2016
68.41600000000003,198.364,preston-north-end,brentford,Missed,87,17-09-2016
52.73599999999999,142.92000000000002,preston-north-end,wigan,Missed,96,23-09-2016
67.51999999999998,168.638,preston-north-end,wigan,Scored,96,23-09-2016
97.08799999999997,183,preston-north-end,wigan,Missed,96,23-09-2016
74.23999999999995,146.92800000000003,preston-north-end,wigan,Missed,96,23-09-2016
89.02399999999994,233.43400000000003,preston-north-end,wigan,Missed,96,23-09-2016
24.512,153.608,preston-north-end,wigan,Missed,96,23-09-2016
102.46399999999994,146.59400000000002,preston-north-end,wigan,Missed,96,23-09-2016
156.22399999999993,218.07,preston-north-end,wigan,Missed,96,23-09-2016
133.82399999999996,97.162,preston-north-end,wigan,Missed,96,23-09-2016
54.079999999999984,144.256,preston-north-end,wigan,Missed,96,23-09-2016
80.512,141.918,preston-north-end,wigan,Missed,96,23-09-2016
104.70399999999995,102.172,preston-north-end,wigan,Missed,96,23-09-2016
67.072,155.946,preston-north-end,wigan,Missed,96,23-09-2016
105.60000000000001,167.636,wigan,preston-north-end,Missed,96,23-09-2016
81.85600000000002,264.83,wigan,preston-north-end,Missed,96,23-09-2016
139.20000000000002,226.75400000000002,wigan,preston-north-end,Missed,96,23-09-2016
29.887999999999977,168.304,wigan,preston-north-end,Missed,96,23-09-2016
27.200000000000003,144.59,wigan,preston-north-end,Missed,96,23-09-2016
54.52799999999998,143.922,wigan,preston-north-end,Missed,96,23-09-2016
78.27200000000003,231.43,wigan,preston-north-end,Missed,96,23-09-2016
137.408,189.012,wigan,preston-north-end,Missed,96,23-09-2016
128.44799999999998,178.65800000000002,wigan,preston-north-end,Missed,96,23-09-2016
122.17600000000002,160.62199999999999,wigan,preston-north-end,Missed,96,23-09-2016
68.41600000000003,257.48199999999997,wigan,preston-north-end,Missed,96,23-09-2016
124.864,248.798,wigan,preston-north-end,Missed,96,23-09-2016
72,146.59400000000002,wigan,preston-north-end,Missed,96,23-09-2016
79.16799999999998,140.582,wigan,preston-north-end,Missed,96,23-09-2016
115.45600000000002,260.822,wigan,preston-north-end,Missed,96,23-09-2016
152.64000000000001,209.386,wigan,preston-north-end,Missed,96,23-09-2016
118.59200000000004,151.93800000000002,wigan,preston-north-end,Missed,96,23-09-2016
124.864,244.79000000000002,wigan,preston-north-end,Missed,96,23-09-2016
106.94399999999996,89.81399999999996,b-ham-city,preston-north-end,Missed,109,27-09-2016
71.10399999999993,157.95000000000002,b-ham-city,preston-north-end,Missed,109,27-09-2016
77.37599999999998,237.776,b-ham-city,preston-north-end,Missed,109,27-09-2016
47.35999999999996,177.99,b-ham-city,preston-north-end,Scored,109,27-09-2016
63.48799999999994,102.84,b-ham-city,preston-north-end,Missed,109,27-09-2016
38.847999999999956,208.05,b-ham-city,preston-north-end,Missed,109,27-09-2016
58.559999999999945,79.46000000000004,b-ham-city,preston-north-end,Missed,109,27-09-2016
27.199999999999932,159.286,b-ham-city,preston-north-end,Missed,109,27-09-2016
41.983999999999924,202.37199999999999,b-ham-city,preston-north-end,Missed,109,27-09-2016
54.976,206.714,b-ham-city,preston-north-end,Scored,109,27-09-2016
68.416,252.80599999999998,b-ham-city,preston-north-end,Missed,109,27-09-2016
120.832,162.96,b-ham-city,preston-north-end,Missed,109,27-09-2016
110.07999999999998,250.13400000000001,b-ham-city,preston-north-end,Missed,109,27-09-2016
57.21599999999995,194.356,b-ham-city,preston-north-end,Missed,109,27-09-2016
104.25599999999997,134.23600000000002,b-ham-city,preston-north-end,Missed,109,27-09-2016
41.536000000000016,253.474,preston-north-end,b-ham-city,Missed,109,27-09-2016
30.336000000000013,183.334,preston-north-end,b-ham-city,Scored,109,27-09-2016
108.73600000000002,112.52600000000004,preston-north-end,b-ham-city,Scored,109,27-09-2016
115.904,204.376,preston-north-end,b-ham-city,Missed,109,27-09-2016
76.92799999999998,180.662,preston-north-end,b-ham-city,Missed,109,27-09-2016
56.76799999999998,211.39000000000001,preston-north-end,b-ham-city,Missed,109,27-09-2016
78.72,137.91,preston-north-end,b-ham-city,Missed,109,27-09-2016
122.624,247.462,preston-north-end,b-ham-city,Missed,109,27-09-2016
65.28,128.224,preston-north-end,b-ham-city,Missed,109,27-09-2016
111.87200000000003,233.43399999999997,preston-north-end,b-ham-city,Missed,109,27-09-2016
101.56799999999998,131.89800000000002,preston-north-end,b-ham-city,Missed,109,27-09-2016
116.35200000000003,146.26000000000002,preston-north-end,b-ham-city,Missed,109,27-09-2016
120.83200000000004,242.452,preston-north-end,b-ham-city,Missed,109,27-09-2016
58.111999999999966,163.294,preston-north-end,avilla,Scored,127,01-10-2016
44.67199999999997,172.64600000000002,preston-north-end,avilla,Missed,127,01-10-2016
102.01599999999996,132.56600000000003,preston-north-end,avilla,Missed,127,01-10-2016
152.64,185.33800000000002,preston-north-end,avilla,Missed,127,01-10-2016
26.75200000000001,219.072,preston-north-end,avilla,Missed,127,01-10-2016
53.632000000000005,184.67000000000002,preston-north-end,avilla,Missed,127,01-10-2016
49.599999999999966,130.228,preston-north-end,avilla,Missed,127,01-10-2016
60.799999999999955,191.016,preston-north-end,avilla,Missed,127,01-10-2016
72.89599999999996,212.392,preston-north-end,avilla,Missed,127,01-10-2016
67.072,154.94400000000002,preston-north-end,avilla,Missed,127,01-10-2016
111.87200000000001,134.57000000000002,preston-north-end,avilla,Missed,127,01-10-2016
140.99200000000002,215.732,preston-north-end,avilla,Missed,127,01-10-2016
46.01599999999996,231.764,preston-north-end,avilla,Missed,127,01-10-2016
48.70399999999995,196.36,preston-north-end,avilla,Scored,127,01-10-2016
75.13599999999997,203.70800000000003,preston-north-end,avilla,Missed,127,01-10-2016
52.287999999999954,112.52600000000004,preston-north-end,avilla,Missed,127,01-10-2016
110.976,105.512,preston-north-end,avilla,Missed,127,01-10-2016
135.16799999999995,128.892,preston-north-end,avilla,Missed,127,01-10-2016
98.43200000000002,133.568,preston-north-end,avilla,Missed,127,01-10-2016
72,162.292,avilla,preston-north-end,Missed,127,01-10-2016
68.41600000000003,235.772,avilla,preston-north-end,Missed,127,01-10-2016
35.71200000000003,154.61,avilla,preston-north-end,Missed,127,01-10-2016
73.79200000000003,179.326,avilla,preston-north-end,Missed,127,01-10-2016
50.94399999999999,201.704,avilla,preston-north-end,Missed,127,01-10-2016
135.168,284.87,avilla,preston-north-end,Missed,127,01-10-2016
52.287999999999975,160.62199999999999,avilla,preston-north-end,Missed,127,01-10-2016
66.624,157.282,avilla,preston-north-end,Missed,127,01-10-2016
85.88799999999998,204.376,avilla,preston-north-end,Missed,127,01-10-2016
146.81600000000003,136.24,avilla,preston-north-end,Missed,127,01-10-2016
73.344,231.76399999999998,avilla,preston-north-end,Missed,127,01-10-2016
115.00799999999998,254.47600000000003,avilla,preston-north-end,Missed,127,01-10-2016
67.52000000000001,183,avilla,preston-north-end,Missed,127,01-10-2016
60.35200000000003,253.474,avilla,preston-north-end,Missed,127,01-10-2016
63.93599999999998,190.682,preston-north-end,hudd-town,Scored,155,19-10-2016
68.86399999999998,170.976,preston-north-end,hudd-town,Missed,155,19-10-2016
43.775999999999954,225.084,preston-north-end,hudd-town,Missed,155,19-10-2016
70.20799999999991,119.20600000000002,preston-north-end,hudd-town,Missed,155,19-10-2016
62.14399999999995,159.62,preston-north-end,hudd-town,Missed,155,19-10-2016
80.06399999999996,101.50399999999999,preston-north-end,hudd-town,Missed,155,19-10-2016
51.839999999999975,158.61800000000002,preston-north-end,hudd-town,Scored,155,19-10-2016
43.32799999999992,189.346,preston-north-end,hudd-town,Missed,155,19-10-2016
73.34399999999994,47.396000000000015,preston-north-end,hudd-town,Scored,155,19-10-2016
127.55200000000004,126.888,hudd-town,preston-north-end,Missed,155,19-10-2016
100.22399999999999,132.56600000000003,hudd-town,preston-north-end,Missed,155,19-10-2016
123.07200000000003,118.53800000000001,hudd-town,preston-north-end,Missed,155,19-10-2016
109.184,95.82600000000002,hudd-town,preston-north-end,Missed,155,19-10-2016
96.19200000000004,225.418,hudd-town,preston-north-end,Missed,155,19-10-2016
63.936000000000014,251.47,hudd-town,preston-north-end,Missed,155,19-10-2016
121.28000000000002,131.89800000000002,hudd-town,preston-north-end,Missed,155,19-10-2016
114.11200000000004,138.57800000000003,hudd-town,preston-north-end,Missed,155,19-10-2016
80.51200000000003,186.006,hudd-town,preston-north-end,Missed,155,19-10-2016
122.17600000000002,94.49000000000001,hudd-town,preston-north-end,Missed,155,19-10-2016
103.36000000000001,128.224,hudd-town,preston-north-end,Missed,155,19-10-2016
35.26399999999999,186.006,hudd-town,preston-north-end,Scored,155,19-10-2016
95.744,108.852,hudd-town,preston-north-end,Missed,155,19-10-2016
85.43999999999994,226.75400000000002,norwich,preston-north-end,Missed,162,22-10-2016
105.59999999999997,179.326,norwich,preston-north-end,Missed,162,22-10-2016
56.767999999999915,201.036,norwich,preston-north-end,Missed,162,22-10-2016
65.72799999999995,257.81600000000003,norwich,preston-north-end,Missed,162,22-10-2016
78.71999999999997,102.172,norwich,preston-north-end,Missed,162,22-10-2016
137.856,230.428,norwich,preston-north-end,Missed,162,22-10-2016
57.21599999999995,160.288,norwich,preston-north-end,Missed,162,22-10-2016
118.59199999999998,219.74,norwich,preston-north-end,Missed,162,22-10-2016
87.23199999999997,267.168,norwich,preston-north-end,Missed,162,22-10-2016
120.38399999999996,238.77800000000002,norwich,preston-north-end,Missed,162,22-10-2016
134.272,168.304,norwich,preston-north-end,Missed,162,22-10-2016
140.096,199.70000000000002,norwich,preston-north-end,Missed,162,22-10-2016
60.351999999999975,239.446,norwich,preston-north-end,Missed,162,22-10-2016
53.632000000000005,163.62800000000001,norwich,preston-north-end,Missed,162,22-10-2016
61.247999999999934,177.99,norwich,preston-north-end,Missed,162,22-10-2016
73.79199999999997,244.122,norwich,preston-north-end,Missed,162,22-10-2016
124.416,198.364,norwich,preston-north-end,Missed,162,22-10-2016
104.25599999999997,136.90800000000002,norwich,preston-north-end,Missed,162,22-10-2016
56.76799999999998,235.772,preston-north-end,norwich,Missed,162,22-10-2016
54.080000000000005,182.666,preston-north-end,norwich,Missed,162,22-10-2016
28.54399999999999,216.066,preston-north-end,norwich,Missed,162,22-10-2016
123.96799999999999,205.712,preston-north-end,norwich,Missed,162,22-10-2016
109.184,243.45399999999998,preston-north-end,norwich,Missed,162,22-10-2016
56.76799999999998,168.304,preston-north-end,norwich,Scored,162,22-10-2016
103.36000000000001,132.9,preston-north-end,norwich,Missed,162,22-10-2016
70.20799999999991,175.652,preston-north-end,newcastle,Missed,177,29-10-2016
130.68799999999993,241.45,preston-north-end,newcastle,Missed,177,29-10-2016
59.90399999999994,169.64000000000001,preston-north-end,newcastle,Missed,177,29-10-2016
69.75999999999999,174.984,preston-north-end,newcastle,Missed,177,29-10-2016
98.43200000000002,190.014,preston-north-end,newcastle,Missed,177,29-10-2016
52.73599999999999,201.704,preston-north-end,newcastle,Missed,177,29-10-2016
45.56799999999993,231.764,preston-north-end,newcastle,Missed,177,29-10-2016
123.51999999999998,181.99800000000002,preston-north-end,newcastle,Missed,177,29-10-2016
122.17599999999999,255.812,preston-north-end,newcastle,Missed,177,29-10-2016
60.351999999999975,151.27,preston-north-end,newcastle,Missed,177,29-10-2016
32.12799999999993,177.322,preston-north-end,newcastle,Scored,177,29-10-2016
80.95999999999998,198.364,preston-north-end,newcastle,Missed,177,29-10-2016
58.559999999999945,240.78199999999998,preston-north-end,newcastle,Missed,177,29-10-2016
58.559999999999945,193.68800000000002,preston-north-end,newcastle,Missed,177,29-10-2016
111.87200000000003,74.78399999999999,newcastle,preston-north-end,Missed,177,29-10-2016
135.61600000000004,132.9,newcastle,preston-north-end,Missed,177,29-10-2016
102.01600000000002,122.88,newcastle,preston-north-end,Missed,177,29-10-2016
46.01600000000002,131.564,newcastle,preston-north-end,Scored,177,29-10-2016
127.55200000000004,147.262,newcastle,preston-north-end,Missed,177,29-10-2016
75.584,201.704,newcastle,preston-north-end,Missed,177,29-10-2016
127.104,274.182,newcastle,preston-north-end,Missed,177,29-10-2016
21.823999999999987,177.99,newcastle,preston-north-end,Scored,177,29-10-2016
63.040000000000006,181.33,newcastle,preston-north-end,Missed,177,29-10-2016
72.44799999999998,104.17600000000002,newcastle,preston-north-end,Missed,177,29-10-2016
65.27999999999997,222.41199999999998,rotherham,preston-north-end,Missed,188,05-11-2016
71.99999999999994,206.714,rotherham,preston-north-end,Missed,188,05-11-2016
47.35999999999996,141.25,rotherham,preston-north-end,Missed,188,05-11-2016
113.66399999999993,96.16000000000003,rotherham,preston-north-end,Missed,188,05-11-2016
130.68799999999993,103.50800000000001,rotherham,preston-north-end,Missed,188,05-11-2016
140.99200000000002,162.292,rotherham,preston-north-end,Missed,188,05-11-2016
46.01599999999996,235.104,rotherham,preston-north-end,Missed,188,05-11-2016
115.90399999999994,246.794,rotherham,preston-north-end,Missed,188,05-11-2016
68.416,91.15000000000003,rotherham,preston-north-end,Missed,188,05-11-2016
70.20799999999991,162.292,rotherham,preston-north-end,Missed,188,05-11-2016
74.68799999999993,170.30800000000002,rotherham,preston-north-end,Missed,188,05-11-2016
59.90399999999994,202.37199999999999,rotherham,preston-north-end,Scored,188,05-11-2016
64.38399999999996,229.426,rotherham,preston-north-end,Missed,188,05-11-2016
60.799999999999955,206.714,rotherham,preston-north-end,Missed,188,05-11-2016
50.496000000000016,168.304,preston-north-end,rotherham,Missed,188,05-11-2016
63.040000000000006,184.67000000000002,preston-north-end,rotherham,Scored,188,05-11-2016
49.15200000000003,175.986,preston-north-end,rotherham,Scored,188,05-11-2016
115.904,237.108,preston-north-end,rotherham,Missed,188,05-11-2016
71.10399999999998,190.682,preston-north-end,rotherham,Missed,188,05-11-2016
100.22399999999999,143.922,preston-north-end,rotherham,Missed,188,05-11-2016
117.69600000000003,239.44600000000003,preston-north-end,rotherham,Missed,188,05-11-2016
81.85600000000002,168.304,preston-north-end,rotherham,Missed,188,05-11-2016
97.08799999999998,236.44,preston-north-end,rotherham,Missed,188,05-11-2016
84.99200000000003,206.714,preston-north-end,rotherham,Missed,188,05-11-2016
30.78399999999999,151.604,preston-north-end,rotherham,Scored,188,05-11-2016
70.20799999999997,125.88600000000002,preston-north-end,rotherham,Missed,188,05-11-2016
64.38399999999999,121.54399999999998,preston-north-end,rotherham,Missed,188,05-11-2016
96.19200000000004,210.722,preston-north-end,rotherham,Missed,188,05-11-2016
99.77600000000002,181.33,preston-north-end,rotherham,Missed,188,05-11-2016
137.40799999999996,216.734,preston-north-end,wolves,Missed,200,19-11-2016
118.14399999999995,91.15000000000003,preston-north-end,wolves,Missed,200,19-11-2016
132.92799999999994,181.99800000000002,preston-north-end,wolves,Missed,200,19-11-2016
109.18399999999997,102.84,preston-north-end,wolves,Missed,200,19-11-2016
97.08799999999997,175.652,preston-north-end,wolves,Missed,200,19-11-2016
54.079999999999984,170.976,preston-north-end,wolves,Missed,200,19-11-2016
46.91199999999998,216.066,preston-north-end,wolves,Missed,200,19-11-2016
32.575999999999965,124.21600000000004,preston-north-end,wolves,Missed,200,19-11-2016
45.11999999999995,126.888,preston-north-end,wolves,Missed,200,19-11-2016
85.88799999999992,211.39000000000001,preston-north-end,wolves,Missed,200,19-11-2016
110.97600000000003,233.76800000000003,wolves,preston-north-end,Missed,200,19-11-2016
80.064,173.64800000000002,wolves,preston-north-end,Missed,200,19-11-2016
84.99200000000003,146.59400000000002,wolves,preston-north-end,Missed,200,19-11-2016
64.38399999999999,221.41,wolves,preston-north-end,Missed,200,19-11-2016
56.76799999999998,202.37199999999999,wolves,preston-north-end,Missed,200,19-11-2016
85.88799999999998,199.032,wolves,preston-north-end,Missed,200,19-11-2016
57.66399999999993,179.326,preston-north-end,burton-albion,Missed,211,26-11-2016
123.072,119.54000000000002,preston-north-end,burton-albion,Missed,211,26-11-2016
110.976,227.422,preston-north-end,burton-albion,Missed,211,26-11-2016
75.13599999999997,162.96,preston-north-end,burton-albion,Missed,211,26-11-2016
36.60799999999995,173.64800000000002,preston-north-end,burton-albion,Scored,211,26-11-2016
71.10399999999993,233.10000000000002,preston-north-end,burton-albion,Missed,211,26-11-2016
60.351999999999975,174.316,preston-north-end,burton-albion,Missed,211,26-11-2016
128.89599999999996,127.22200000000001,preston-north-end,burton-albion,Missed,211,26-11-2016
103.35999999999996,161.62400000000002,preston-north-end,burton-albion,Missed,211,26-11-2016
103.35999999999996,245.12400000000002,preston-north-end,burton-albion,Missed,211,26-11-2016
63.93599999999998,217.402,preston-north-end,burton-albion,Missed,211,26-11-2016
122.17599999999999,184.002,preston-north-end,burton-albion,Missed,211,26-11-2016
136.06399999999996,140.916,preston-north-end,burton-albion,Missed,211,26-11-2016
121.72799999999995,150.602,preston-north-end,burton-albion,Missed,211,26-11-2016
71.99999999999994,172.98000000000002,preston-north-end,burton-albion,Missed,211,26-11-2016
59.90399999999994,109.52000000000001,preston-north-end,burton-albion,Missed,211,26-11-2016
117.69599999999997,139.58,preston-north-end,burton-albion,Missed,211,26-11-2016
110.52799999999996,132.56600000000003,preston-north-end,burton-albion,Missed,211,26-11-2016
71.10399999999998,210.054,burton-albion,preston-north-end,Missed,211,26-11-2016
70.20799999999997,187.34199999999998,burton-albion,preston-north-end,Missed,211,26-11-2016
42.88,181.99800000000002,burton-albion,preston-north-end,Missed,211,26-11-2016
70.65600000000002,153.942,burton-albion,preston-north-end,Missed,211,26-11-2016
63.936000000000014,164.63,burton-albion,preston-north-end,Scored,211,26-11-2016
57.663999999999994,194.356,burton-albion,preston-north-end,Missed,211,26-11-2016
46.01600000000002,250.134,burton-albion,preston-north-end,Missed,211,26-11-2016
135.168,233.43399999999997,burton-albion,preston-north-end,Missed,211,26-11-2016
63.936000000000014,194.356,burton-albion,preston-north-end,Missed,211,26-11-2016
112.32000000000001,171.644,burton-albion,preston-north-end,Missed,211,26-11-2016
131.13600000000002,134.23600000000002,burton-albion,preston-north-end,Missed,211,26-11-2016
126.20799999999997,153.942,preston-north-end,blackburn,Missed,235,10-12-2016
130.23999999999995,234.77,preston-north-end,blackburn,Missed,235,10-12-2016
111.87200000000001,165.966,preston-north-end,blackburn,Scored,235,10-12-2016
44.67199999999997,196.36,preston-north-end,blackburn,Missed,235,10-12-2016
114.55999999999995,174.984,preston-north-end,blackburn,Missed,235,10-12-2016
136.95999999999998,146.59400000000002,preston-north-end,blackburn,Missed,235,10-12-2016
67.51999999999998,183,preston-north-end,blackburn,Scored,235,10-12-2016
114.11199999999997,134.23600000000002,preston-north-end,blackburn,Missed,235,10-12-2016
65.27999999999997,153.608,preston-north-end,blackburn,Missed,235,10-12-2016
83.64799999999991,180.662,preston-north-end,blackburn,Missed,235,10-12-2016
137.856,146.59400000000002,preston-north-end,blackburn,Missed,235,10-12-2016
75.13599999999997,209.386,preston-north-end,blackburn,Missed,235,10-12-2016
71.55199999999996,211.39000000000001,preston-north-end,blackburn,Missed,235,10-12-2016
80.512,154.94400000000002,preston-north-end,blackburn,Scored,235,10-12-2016
68.416,210.054,preston-north-end,blackburn,Missed,235,10-12-2016
30.78399999999999,194.356,blackburn,preston-north-end,Scored,235,10-12-2016
62.59200000000003,186.674,blackburn,preston-north-end,Missed,235,10-12-2016
67.52000000000001,183,blackburn,preston-north-end,Missed,235,10-12-2016
22.272000000000027,194.356,blackburn,preston-north-end,Missed,235,10-12-2016
35.71200000000003,219.406,blackburn,preston-north-end,Missed,235,10-12-2016
72.89600000000002,195.024,blackburn,preston-north-end,Missed,235,10-12-2016
79.61600000000001,202.038,blackburn,preston-north-end,Missed,235,10-12-2016
74.24000000000001,170.30800000000002,blackburn,preston-north-end,Missed,235,10-12-2016
36.607999999999976,176.98800000000003,blackburn,preston-north-end,Missed,235,10-12-2016
128.44799999999998,190.348,blackburn,preston-north-end,Missed,235,10-12-2016
86.78399999999999,261.49,blackburn,preston-north-end,Missed,235,10-12-2016
108.73600000000002,270.842,blackburn,preston-north-end,Missed,235,10-12-2016
66.17600000000002,219.406,blackburn,preston-north-end,Missed,235,10-12-2016
126.20799999999998,157.95000000000002,blackburn,preston-north-end,Missed,235,10-12-2016
47.36,205.37800000000001,blackburn,preston-north-end,Scored,235,10-12-2016
37.05600000000001,213.06,blackburn,preston-north-end,Missed,235,10-12-2016
98.43200000000003,196.36,blackburn,preston-north-end,Missed,235,10-12-2016
106.04799999999994,220.742,forest,preston-north-end,Missed,249,14-12-2016
68.416,206.046,forest,preston-north-end,Missed,249,14-12-2016
124.416,169.64000000000001,forest,preston-north-end,Missed,249,14-12-2016
69.31200000000001,244.79000000000002,forest,preston-north-end,Missed,249,14-12-2016
26.75200000000001,108.184,forest,preston-north-end,Missed,249,14-12-2016
149.952,100.83600000000004,forest,preston-north-end,Missed,249,14-12-2016
58.111999999999966,201.37,forest,preston-north-end,Missed,249,14-12-2016
58.111999999999966,239.78,forest,preston-north-end,Missed,249,14-12-2016
78.71999999999997,191.684,forest,preston-north-end,Missed,249,14-12-2016
64.38399999999996,117.202,forest,preston-north-end,Missed,249,14-12-2016
148.15999999999997,181.33,forest,preston-north-end,Missed,249,14-12-2016
28.543999999999926,186.006,forest,preston-north-end,Scored,249,14-12-2016
74.68799999999993,192.352,forest,preston-north-end,Missed,249,14-12-2016
76.47999999999996,239.78,forest,preston-north-end,Missed,249,14-12-2016
128.89599999999996,203.37400000000002,forest,preston-north-end,Missed,249,14-12-2016
36.60799999999995,162.96,forest,preston-north-end,Missed,249,14-12-2016
63.039999999999964,124.88399999999999,forest,preston-north-end,Missed,249,14-12-2016
64.38399999999996,203.37400000000002,forest,preston-north-end,Missed,249,14-12-2016
38.847999999999956,224.082,forest,preston-north-end,Missed,249,14-12-2016
140.99200000000002,255.144,forest,preston-north-end,Missed,249,14-12-2016
40.19200000000003,159.954,preston-north-end,forest,Missed,249,14-12-2016
133.37600000000003,102.84,preston-north-end,forest,Missed,249,14-12-2016
50.496000000000016,248.13,preston-north-end,forest,Missed,249,14-12-2016
97.53600000000002,106.84800000000001,preston-north-end,forest,Missed,249,14-12-2016
137.408,122.54600000000002,preston-north-end,forest,Missed,249,14-12-2016
44.22399999999999,230.094,preston-north-end,forest,Missed,249,14-12-2016
150.84799999999998,162.96,preston-north-end,forest,Missed,249,14-12-2016
142.784,244.122,preston-north-end,forest,Missed,249,14-12-2016
41.983999999999995,184.67000000000002,preston-north-end,forest,Missed,249,14-12-2016
140.99200000000002,140.916,preston-north-end,forest,Missed,249,14-12-2016
119.04,232.43200000000002,preston-north-end,forest,Missed,249,14-12-2016
31.68,171.644,preston-north-end,forest,Scored,249,14-12-2016
152.64000000000001,196.36,preston-north-end,forest,Missed,249,14-12-2016
84.09600000000002,139.58,preston-north-end,forest,Missed,249,14-12-2016
63.040000000000006,189.012,preston-north-end,forest,Missed,249,14-12-2016
112.76799999999999,208.71800000000002,preston-north-end,forest,Missed,249,14-12-2016
58.11200000000003,210.054,preston-north-end,forest,Missed,249,14-12-2016
79.61600000000001,157.95000000000002,preston-north-end,forest,Missed,249,14-12-2016
109.632,224.75,bristol,preston-north-end,Missed,255,17-12-2016
142.78399999999993,212.05800000000002,bristol,preston-north-end,Missed,255,17-12-2016
43.32799999999992,117.202,bristol,preston-north-end,Missed,255,17-12-2016
65.72799999999995,124.55000000000001,bristol,preston-north-end,Missed,255,17-12-2016
134.71999999999997,179.994,bristol,preston-north-end,Missed,255,17-12-2016
92.15999999999997,192.352,bristol,preston-north-end,Missed,255,17-12-2016
137.40799999999996,181.33,bristol,preston-north-end,Missed,255,17-12-2016
53.18399999999997,220.40800000000002,bristol,preston-north-end,Missed,255,17-12-2016
65.27999999999997,190.348,bristol,preston-north-end,Missed,255,17-12-2016
115.00799999999992,147.596,bristol,preston-north-end,Missed,255,17-12-2016
137.40799999999996,188.01000000000002,bristol,preston-north-end,Missed,255,17-12-2016
67.51999999999998,245.12400000000002,bristol,preston-north-end,Missed,255,17-12-2016
49.599999999999966,235.772,bristol,preston-north-end,Missed,255,17-12-2016
67.072,227.08800000000002,bristol,preston-north-end,Missed,255,17-12-2016
132.92799999999994,155.946,bristol,preston-north-end,Missed,255,17-12-2016
55.42399999999992,158.61800000000002,bristol,preston-north-end,Scored,255,17-12-2016
67.51999999999998,214.39600000000002,bristol,preston-north-end,Missed,255,17-12-2016
37.50399999999996,133.23399999999998,bristol,preston-north-end,Missed,255,17-12-2016
71.99999999999994,210.054,bristol,preston-north-end,Missed,255,17-12-2016
66.17599999999999,197.696,bristol,preston-north-end,Missed,255,17-12-2016
142.33599999999996,230.094,bristol,preston-north-end,Missed,255,17-12-2016
116.35200000000003,226.086,preston-north-end,bristol,Missed,255,17-12-2016
45.120000000000005,195.692,preston-north-end,bristol,Scored,255,17-12-2016
79.16799999999998,190.682,preston-north-end,bristol,Missed,255,17-12-2016
145.92000000000002,198.364,preston-north-end,bristol,Missed,255,17-12-2016
112.32000000000001,235.10399999999998,preston-north-end,bristol,Missed,255,17-12-2016
33.92,210.054,preston-north-end,bristol,Missed,255,17-12-2016
32.576000000000015,151.604,preston-north-end,bristol,Missed,255,17-12-2016
123.52000000000001,188.01000000000002,preston-north-end,bristol,Missed,255,17-12-2016
76.48,173.64800000000002,preston-north-end,bristol,Missed,255,17-12-2016
38.400000000000006,189.012,preston-north-end,bristol,Missed,255,17-12-2016
85.44000000000001,108.852,preston-north-end,bristol,Missed,255,17-12-2016
136.51200000000006,208.71800000000002,preston-north-end,bristol,Missed,255,17-12-2016
66.17600000000002,141.918,preston-north-end,bristol,Missed,255,17-12-2016
120.83200000000004,232.098,preston-north-end,bristol,Missed,255,17-12-2016
112.76799999999999,145.592,preston-north-end,bristol,Missed,255,17-12-2016
74.24000000000001,261.82399999999996,preston-north-end,bristol,Missed,255,17-12-2016
63.48799999999998,124.55000000000001,preston-north-end,bristol,Missed,255,17-12-2016
25.407999999999973,133.902,preston-north-end,bristol,Scored,255,17-12-2016
91.71200000000003,168.304,preston-north-end,bristol,Missed,255,17-12-2016
107.83999999999997,134.904,preston-north-end,leeds,Missed,270,26-12-2016
82.75200000000001,197.02800000000002,preston-north-end,leeds,Scored,270,26-12-2016
118.59199999999998,142.92000000000002,preston-north-end,leeds,Missed,270,26-12-2016
29.88799999999992,132.9,preston-north-end,leeds,Missed,270,26-12-2016
97.08799999999997,151.93800000000002,preston-north-end,leeds,Missed,270,26-12-2016
34.36799999999994,192.352,preston-north-end,leeds,Missed,270,26-12-2016
65.27999999999997,132.232,preston-north-end,leeds,Missed,270,26-12-2016
102.01599999999996,128.892,preston-north-end,leeds,Missed,270,26-12-2016
54.976,182.666,preston-north-end,leeds,Missed,270,26-12-2016
126.20799999999998,181.33,leeds,preston-north-end,Missed,270,26-12-2016
22.272000000000027,174.316,leeds,preston-north-end,Scored,270,26-12-2016
50.04799999999998,202.37199999999999,leeds,preston-north-end,Missed,270,26-12-2016
59.90399999999999,137.576,leeds,preston-north-end,Scored,270,26-12-2016
38.400000000000006,255.144,leeds,preston-north-end,Scored,270,26-12-2016
95.744,185.33800000000002,leeds,preston-north-end,Missed,270,26-12-2016
80.96000000000001,252.80600000000004,leeds,preston-north-end,Missed,270,26-12-2016
112.32000000000001,232.43200000000002,leeds,preston-north-end,Missed,270,26-12-2016
86.78399999999999,98.16399999999999,leeds,preston-north-end,Missed,270,26-12-2016
67.52000000000001,177.322,leeds,preston-north-end,Scored,270,26-12-2016
139.20000000000002,198.364,leeds,preston-north-end,Missed,270,26-12-2016
128.89600000000002,250.802,leeds,preston-north-end,Missed,270,26-12-2016
138.30399999999997,207.382,preston-north-end,sheff-w-day,Missed,284,31-12-2016
147.26399999999995,181.33,preston-north-end,sheff-w-day,Missed,284,31-12-2016
65.27999999999997,168.972,preston-north-end,sheff-w-day,Missed,284,31-12-2016
118.14399999999995,135.23800000000003,preston-north-end,sheff-w-day,Missed,284,31-12-2016
26.75200000000001,131.564,preston-north-end,sheff-w-day,Missed,284,31-12-2016
62.591999999999985,164.63,preston-north-end,sheff-w-day,Missed,284,31-12-2016
57.66399999999993,135.23800000000003,preston-north-end,sheff-w-day,Missed,284,31-12-2016
38.39999999999998,229.426,preston-north-end,sheff-w-day,Missed,284,31-12-2016
79.16799999999995,128.892,preston-north-end,sheff-w-day,Missed,284,31-12-2016
87.23199999999997,113.19399999999999,preston-north-end,sheff-w-day,Missed,284,31-12-2016
125.75999999999999,147.93,preston-north-end,sheff-w-day,Missed,284,31-12-2016
31.67999999999995,149.266,preston-north-end,sheff-w-day,Scored,284,31-12-2016
44.22399999999993,202.706,preston-north-end,sheff-w-day,Missed,284,31-12-2016
112.76799999999992,140.916,preston-north-end,sheff-w-day,Missed,284,31-12-2016
69.75999999999999,234.10199999999998,preston-north-end,sheff-w-day,Missed,284,31-12-2016
140.096,179.326,sheff-w-day,preston-north-end,Missed,284,31-12-2016
49.15200000000003,166.3,sheff-w-day,preston-north-end,Missed,284,31-12-2016
212.67199999999997,301.236,preston-north-end,sheff-w-day,Missed,284,31-12-2016
102.464,264.49600000000004,sheff-w-day,preston-north-end,Missed,284,31-12-2016
99.32799999999999,175.318,sheff-w-day,preston-north-end,Missed,284,31-12-2016
120.384,225.084,sheff-w-day,preston-north-end,Missed,284,31-12-2016
55.42399999999999,176.98800000000003,sheff-w-day,preston-north-end,Scored,284,31-12-2016
67.52000000000001,174.984,sheff-w-day,preston-north-end,Missed,284,31-12-2016
189.37599999999998,252.138,burton-albion,preston-north-end,Missed,289,02-01-2017
52.73599999999999,174.316,burton-albion,preston-north-end,Missed,289,02-01-2017
98.43200000000002,178.65800000000002,burton-albion,preston-north-end,Missed,289,02-01-2017
50.94399999999996,171.644,burton-albion,preston-north-end,Missed,289,02-01-2017
55.42399999999992,148.598,burton-albion,preston-north-end,Missed,289,02-01-2017
112.32,159.286,burton-albion,preston-north-end,Missed,289,02-01-2017
72.44799999999992,229.09199999999998,burton-albion,preston-north-end,Missed,289,02-01-2017
80.512,250.13400000000001,burton-albion,preston-north-end,Missed,289,02-01-2017
43.32799999999992,210.054,burton-albion,preston-north-end,Missed,289,02-01-2017
82.30399999999997,245.458,burton-albion,preston-north-end,Missed,289,02-01-2017
20.927999999999976,153.608,preston-north-end,burton-albion,Scored,289,02-01-2017
73.344,212.726,preston-north-end,burton-albion,Missed,289,02-01-2017
62.59200000000003,130.228,preston-north-end,burton-albion,Missed,289,02-01-2017
63.936000000000014,234.10199999999998,preston-north-end,burton-albion,Missed,289,02-01-2017
29.887999999999977,150.26800000000003,preston-north-end,burton-albion,Missed,289,02-01-2017
110.52799999999998,193.68800000000002,preston-north-end,burton-albion,Missed,289,02-01-2017
75.58399999999995,123.882,preston-north-end,brighton,Missed,306,14-01-2017
49.15199999999999,186.674,preston-north-end,brighton,Scored,306,14-01-2017
68.86399999999998,126.888,preston-north-end,brighton,Missed,306,14-01-2017
102.91199999999998,199.032,preston-north-end,brighton,Missed,306,14-01-2017
77.82399999999996,152.94,preston-north-end,brighton,Scored,306,14-01-2017
54.079999999999984,208.71800000000002,preston-north-end,brighton,Missed,306,14-01-2017
98.43200000000002,228.758,preston-north-end,brighton,Missed,306,14-01-2017
106.04799999999994,234.436,preston-north-end,brighton,Missed,306,14-01-2017
139.20000000000002,111.85800000000003,brighton,preston-north-end,Missed,306,14-01-2017
98.88000000000001,261.156,brighton,preston-north-end,Missed,306,14-01-2017
52.73600000000002,186.674,brighton,preston-north-end,Missed,306,14-01-2017
137.408,227.422,brighton,preston-north-end,Missed,306,14-01-2017
116.80000000000001,185.33800000000002,brighton,preston-north-end,Missed,306,14-01-2017
81.85600000000002,252.80600000000004,brighton,preston-north-end,Missed,306,14-01-2017
60.35200000000003,201.036,brighton,preston-north-end,Missed,306,14-01-2017
133.824,179.994,brighton,preston-north-end,Missed,306,14-01-2017
77.37600000000002,247.462,brighton,preston-north-end,Missed,306,14-01-2017
105.15200000000003,196.36,brighton,preston-north-end,Missed,306,14-01-2017
135.61600000000004,241.45,brighton,preston-north-end,Missed,306,14-01-2017
57.216000000000015,160.95600000000002,brighton,preston-north-end,Missed,306,14-01-2017
110.52799999999998,111.85800000000003,brighton,preston-north-end,Missed,306,14-01-2017
60.800000000000004,242.118,brighton,preston-north-end,Missed,306,14-01-2017
67.52000000000001,183,brighton,preston-north-end,Missed,306,14-01-2017
41.983999999999995,130.89600000000002,brighton,preston-north-end,Missed,306,14-01-2017
52.73599999999999,168.972,avilla,preston-north-end,Missed,311,21-01-2017
26.75200000000001,181.99800000000002,avilla,preston-north-end,Scored,311,21-01-2017
139.2,162.96,avilla,preston-north-end,Missed,311,21-01-2017
134.272,166.3,avilla,preston-north-end,Missed,311,21-01-2017
67.51999999999998,183,avilla,preston-north-end,Scored,311,21-01-2017
87.23199999999997,138.912,avilla,preston-north-end,Missed,311,21-01-2017
70.20799999999991,159.286,avilla,preston-north-end,Missed,311,21-01-2017
93.952,160.288,avilla,preston-north-end,Missed,311,21-01-2017
119.93599999999998,171.644,avilla,preston-north-end,Missed,311,21-01-2017
109.18399999999997,110.52199999999999,avilla,preston-north-end,Missed,311,21-01-2017
125.75999999999999,234.10199999999998,avilla,preston-north-end,Missed,311,21-01-2017
107.392,261.156,avilla,preston-north-end,Missed,311,21-01-2017
157.11999999999995,157.95000000000002,avilla,preston-north-end,Missed,311,21-01-2017
54.080000000000005,196.36,preston-north-end,avilla,Missed,311,21-01-2017
136.064,231.76399999999998,preston-north-end,avilla,Missed,311,21-01-2017
115.45600000000002,203.37400000000002,preston-north-end,avilla,Missed,311,21-01-2017
50.04799999999998,155.27800000000002,preston-north-end,avilla,Missed,311,21-01-2017
77.37600000000002,118.53800000000001,preston-north-end,avilla,Missed,311,21-01-2017
82.30399999999999,184.67000000000002,preston-north-end,avilla,Scored,311,21-01-2017
63.040000000000006,215.06400000000002,preston-north-end,avilla,Missed,311,21-01-2017
46.91200000000003,181.33,preston-north-end,avilla,Scored,311,21-01-2017
48.25599999999997,231.43,cardiff,preston-north-end,Missed,334,31-01-2017
54.976,133.902,cardiff,preston-north-end,Missed,334,31-01-2017
67.51999999999998,183,cardiff,preston-north-end,Scored,334,31-01-2017
80.06399999999996,144.59,cardiff,preston-north-end,Scored,334,31-01-2017
39.74399999999997,188.01000000000002,cardiff,preston-north-end,Missed,334,31-01-2017
51.839999999999975,176.98800000000003,cardiff,preston-north-end,Missed,334,31-01-2017
39.29599999999999,203.37400000000002,cardiff,preston-north-end,Missed,334,31-01-2017
49.599999999999966,200.03400000000002,cardiff,preston-north-end,Missed,334,31-01-2017
62.591999999999985,234.436,cardiff,preston-north-end,Missed,334,31-01-2017
148.60799999999995,180.996,cardiff,preston-north-end,Missed,334,31-01-2017
133.82399999999996,137.242,cardiff,preston-north-end,Missed,334,31-01-2017
165.18399999999997,163.962,cardiff,preston-north-end,Missed,334,31-01-2017
123.96799999999999,157.95000000000002,preston-north-end,cardiff,Missed,334,31-01-2017
75.584,132.56600000000003,preston-north-end,cardiff,Missed,334,31-01-2017
75.584,173.64800000000002,preston-north-end,cardiff,Missed,334,31-01-2017
124.41600000000003,214.39600000000002,preston-north-end,cardiff,Missed,334,31-01-2017
70.20799999999997,197.696,preston-north-end,cardiff,Missed,334,31-01-2017
72.89600000000002,163.962,preston-north-end,cardiff,Missed,334,31-01-2017
60.800000000000004,158.61800000000002,preston-north-end,cardiff,Missed,334,31-01-2017
129.79200000000003,208.71800000000002,preston-north-end,cardiff,Missed,334,31-01-2017
128,183,preston-north-end,cardiff,Missed,334,31-01-2017
64.38399999999999,177.99,preston-north-end,cardiff,Missed,334,31-01-2017
58.111999999999966,154.94400000000002,barnsley,preston-north-end,Missed,342,04-02-2017
49.15199999999999,242.452,barnsley,preston-north-end,Missed,342,04-02-2017
80.95999999999998,210.388,barnsley,preston-north-end,Missed,342,04-02-2017
83.19999999999999,217.068,barnsley,preston-north-end,Missed,342,04-02-2017
124.416,208.38400000000001,barnsley,preston-north-end,Missed,342,04-02-2017
158.46399999999994,117.202,barnsley,preston-north-end,Missed,342,04-02-2017
103.35999999999996,148.598,barnsley,preston-north-end,Missed,342,04-02-2017
110.976,258.48400000000004,barnsley,preston-north-end,Missed,342,04-02-2017
34.815999999999974,145.592,barnsley,preston-north-end,Missed,342,04-02-2017
30.335999999999956,202.37199999999999,barnsley,preston-north-end,Missed,342,04-02-2017
156.22399999999993,192.352,barnsley,preston-north-end,Missed,342,04-02-2017
67.52000000000001,170.30800000000002,preston-north-end,barnsley,Missed,342,04-02-2017
67.96799999999999,126.22,preston-north-end,barnsley,Missed,342,04-02-2017
109.63200000000003,147.93,preston-north-end,barnsley,Missed,342,04-02-2017
97.53600000000002,228.09,preston-north-end,barnsley,Missed,342,04-02-2017
61.69600000000002,204.042,preston-north-end,barnsley,Missed,342,04-02-2017
76.48,119.54000000000002,preston-north-end,barnsley,Missed,342,04-02-2017
106.49600000000002,137.242,preston-north-end,barnsley,Missed,342,04-02-2017
54.52799999999996,115.53200000000001,preston-north-end,brentford,Missed,361,11-02-2017
83.19999999999999,108.184,preston-north-end,brentford,Missed,361,11-02-2017
61.247999999999934,127.55600000000004,preston-north-end,brentford,Missed,361,11-02-2017
48.25599999999997,250.80200000000002,preston-north-end,brentford,Missed,361,11-02-2017
134.71999999999997,144.924,preston-north-end,brentford,Scored,361,11-02-2017
107.83999999999997,217.736,preston-north-end,brentford,Missed,361,11-02-2017
97.536,193.02,preston-north-end,brentford,Missed,361,11-02-2017
105.15199999999999,125.55199999999999,preston-north-end,brentford,Missed,361,11-02-2017
81.856,151.604,preston-north-end,brentford,Missed,361,11-02-2017
60.799999999999955,165.966,preston-north-end,brentford,Scored,361,11-02-2017
51.839999999999975,207.382,preston-north-end,brentford,Missed,361,11-02-2017
118.59199999999998,220.40800000000002,preston-north-end,brentford,Missed,361,11-02-2017
98.43200000000002,186.34,preston-north-end,brentford,Scored,361,11-02-2017
90.81599999999997,157.282,preston-north-end,brentford,Scored,361,11-02-2017
86.33599999999996,181.99800000000002,preston-north-end,brentford,Missed,361,11-02-2017
53.18399999999997,202.038,preston-north-end,brentford,Missed,361,11-02-2017
81.856,202.038,preston-north-end,brentford,Missed,361,11-02-2017
106.944,115.53200000000001,brentford,preston-north-end,Missed,361,11-02-2017
50.496000000000016,176.98800000000003,brentford,preston-north-end,Scored,361,11-02-2017
112.32000000000001,113.52800000000002,brentford,preston-north-end,Missed,361,11-02-2017
82.30399999999999,168.972,brentford,preston-north-end,Missed,361,11-02-2017
145.92000000000002,137.242,brentford,preston-north-end,Missed,361,11-02-2017
87.23200000000003,141.584,brentford,preston-north-end,Missed,361,11-02-2017
108.28799999999998,111.524,brentford,preston-north-end,Missed,361,11-02-2017
73.79200000000003,130.228,brentford,preston-north-end,Missed,361,11-02-2017
115.00799999999998,258.484,brentford,preston-north-end,Missed,361,11-02-2017
64.83200000000002,185.33800000000002,brentford,preston-north-end,Missed,361,11-02-2017
79.16799999999998,133.23399999999998,brentford,preston-north-end,Scored,361,11-02-2017
104.704,166.63400000000001,brentford,preston-north-end,Missed,361,11-02-2017
40.19200000000001,169.64000000000001,preston-north-end,b-ham-city,Scored,372,14-02-2017
67.072,201.37,preston-north-end,b-ham-city,Missed,372,14-02-2017
66.17599999999999,177.99,preston-north-end,b-ham-city,Missed,372,14-02-2017
109.632,163.294,preston-north-end,b-ham-city,Missed,372,14-02-2017
37.05599999999998,201.37,preston-north-end,b-ham-city,Missed,372,14-02-2017
106.94399999999996,254.81,preston-north-end,b-ham-city,Missed,372,14-02-2017
106.04799999999994,215.06400000000002,preston-north-end,b-ham-city,Missed,372,14-02-2017
116.35199999999998,103.50800000000001,preston-north-end,b-ham-city,Missed,372,14-02-2017
101.56799999999993,116.53399999999999,preston-north-end,b-ham-city,Missed,372,14-02-2017
103.80799999999994,146.59400000000002,preston-north-end,b-ham-city,Missed,372,14-02-2017
33.91999999999996,178.65800000000002,preston-north-end,b-ham-city,Scored,372,14-02-2017
63.93599999999998,151.93800000000002,preston-north-end,b-ham-city,Missed,372,14-02-2017
118.59199999999998,255.812,preston-north-end,b-ham-city,Missed,372,14-02-2017
53.632000000000005,206.046,preston-north-end,b-ham-city,Missed,372,14-02-2017
129.344,201.37,b-ham-city,preston-north-end,Missed,372,14-02-2017
151.29600000000002,182.666,b-ham-city,preston-north-end,Missed,372,14-02-2017
85.44000000000001,208.05,b-ham-city,preston-north-end,Missed,372,14-02-2017
107.39200000000004,134.57000000000002,b-ham-city,preston-north-end,Scored,372,14-02-2017
88.12799999999999,224.75,b-ham-city,preston-north-end,Missed,372,14-02-2017
148.16000000000003,169.97400000000002,b-ham-city,preston-north-end,Missed,372,14-02-2017
114.11200000000004,132.232,b-ham-city,preston-north-end,Missed,372,14-02-2017
102.464,171.978,b-ham-city,preston-north-end,Missed,372,14-02-2017
84.09600000000002,172.64600000000002,b-ham-city,preston-north-end,Missed,372,14-02-2017
109.184,131.23000000000002,b-ham-city,preston-north-end,Missed,372,14-02-2017
145.024,210.388,b-ham-city,preston-north-end,Missed,372,14-02-2017
46.01599999999996,96.82800000000003,wigan,preston-north-end,Missed,383,18-02-2017
36.60799999999995,190.348,wigan,preston-north-end,Missed,383,18-02-2017
50.49599999999998,161.95800000000003,wigan,preston-north-end,Missed,383,18-02-2017
98.87999999999994,202.706,wigan,preston-north-end,Missed,383,18-02-2017
73.34399999999994,236.774,wigan,preston-north-end,Missed,383,18-02-2017
121.27999999999997,172.98000000000002,wigan,preston-north-end,Missed,383,18-02-2017
70.20799999999991,144.924,wigan,preston-north-end,Missed,383,18-02-2017
86.33599999999996,211.056,wigan,preston-north-end,Missed,383,18-02-2017
61.69599999999997,123.214,wigan,preston-north-end,Missed,383,18-02-2017
49.15199999999999,253.808,wigan,preston-north-end,Missed,383,18-02-2017
73.79199999999997,143.922,wigan,preston-north-end,Missed,383,18-02-2017
152.64,335.638,wigan,preston-north-end,Missed,383,18-02-2017
103.35999999999996,229.426,wigan,preston-north-end,Missed,383,18-02-2017
123.96799999999996,200.36800000000002,wigan,preston-north-end,Missed,383,18-02-2017
71.55199999999996,155.946,wigan,preston-north-end,Missed,383,18-02-2017
135.61599999999999,124.55000000000001,wigan,preston-north-end,Missed,383,18-02-2017
39.74399999999997,223.08,wigan,preston-north-end,Missed,383,18-02-2017
79.61599999999999,250.80200000000002,wigan,preston-north-end,Missed,383,18-02-2017
115.45600000000002,167.636,preston-north-end,wigan,Missed,383,18-02-2017
67.52000000000001,183,preston-north-end,wigan,Missed,383,18-02-2017
50.94399999999999,174.984,preston-north-end,wigan,Missed,383,18-02-2017
127.104,179.66,preston-north-end,wigan,Missed,383,18-02-2017
136.96,221.41,preston-north-end,wigan,Missed,383,18-02-2017
84.09600000000002,112.52600000000004,preston-north-end,wigan,Missed,383,18-02-2017
103.36000000000001,179.994,preston-north-end,wigan,Missed,383,18-02-2017
123.07200000000003,209.052,preston-north-end,wigan,Missed,383,18-02-2017
180.864,133.902,preston-north-end,wigan,Missed,383,18-02-2017
101.12,174.65,preston-north-end,wigan,Missed,383,18-02-2017
55.42399999999992,194.356,preston-north-end,qpr,Missed,399,25-02-2017
108.73599999999999,150.936,preston-north-end,qpr,Scored,399,25-02-2017
65.72799999999995,239.112,preston-north-end,qpr,Missed,399,25-02-2017
77.37599999999998,151.604,preston-north-end,qpr,Missed,399,25-02-2017
67.51999999999998,256.814,preston-north-end,qpr,Missed,399,25-02-2017
41.983999999999924,213.06,preston-north-end,qpr,Missed,399,25-02-2017
68.416,236.44,preston-north-end,qpr,Missed,399,25-02-2017
25.855999999999995,173.64800000000002,preston-north-end,qpr,Scored,399,25-02-2017
44.67199999999997,177.99,preston-north-end,qpr,Missed,399,25-02-2017
38.39999999999998,179.326,preston-north-end,qpr,Missed,399,25-02-2017
110.52799999999996,126.554,preston-north-end,qpr,Missed,399,25-02-2017
58.111999999999966,136.24,preston-north-end,qpr,Missed,399,25-02-2017
79.16799999999995,233.76800000000003,preston-north-end,qpr,Missed,399,25-02-2017
62.591999999999985,198.364,preston-north-end,qpr,Missed,399,25-02-2017
75.58399999999995,225.084,preston-north-end,qpr,Missed,399,25-02-2017
95.29599999999999,146.59400000000002,preston-north-end,qpr,Missed,399,25-02-2017
114.11200000000004,218.07,qpr,preston-north-end,Missed,399,25-02-2017
76.03200000000004,181.66400000000002,qpr,preston-north-end,Missed,399,25-02-2017
146.368,189.346,qpr,preston-north-end,Missed,399,25-02-2017
123.07200000000003,139.246,qpr,preston-north-end,Missed,399,25-02-2017
127.55200000000004,244.45600000000002,qpr,preston-north-end,Missed,399,25-02-2017
98.88000000000001,120.542,qpr,preston-north-end,Missed,399,25-02-2017
35.26399999999999,166.63400000000001,qpr,preston-north-end,Scored,399,25-02-2017
65.28,125.21800000000002,qpr,preston-north-end,Missed,399,25-02-2017
80.96000000000001,212.05800000000002,qpr,preston-north-end,Missed,399,25-02-2017
156.224,220.074,qpr,preston-north-end,Missed,399,25-02-2017
106.04799999999994,231.764,fulham,preston-north-end,Missed,409,04-03-2017
63.039999999999964,175.652,fulham,preston-north-end,Scored,409,04-03-2017
78.27199999999999,242.786,fulham,preston-north-end,Missed,409,04-03-2017
105.59999999999997,160.95600000000002,fulham,preston-north-end,Missed,409,04-03-2017
34.36799999999994,153.942,fulham,preston-north-end,Missed,409,04-03-2017
110.976,155.612,fulham,preston-north-end,Missed,409,04-03-2017
137.40799999999996,198.364,fulham,preston-north-end,Missed,409,04-03-2017
31.23199999999997,206.046,fulham,preston-north-end,Missed,409,04-03-2017
30.783999999999935,98.16399999999999,fulham,preston-north-end,Missed,409,04-03-2017
125.31200000000001,157.616,fulham,preston-north-end,Missed,409,04-03-2017
83.64799999999991,176.98800000000003,fulham,preston-north-end,Scored,409,04-03-2017
84.096,200.03400000000002,fulham,preston-north-end,Missed,409,04-03-2017
46.01599999999996,126.888,fulham,preston-north-end,Scored,409,04-03-2017
64.38399999999996,255.478,fulham,preston-north-end,Missed,409,04-03-2017
115.00799999999992,211.056,fulham,preston-north-end,Missed,409,04-03-2017
123.52000000000001,99.5,preston-north-end,fulham,Missed,409,04-03-2017
99.77600000000002,231.43,preston-north-end,fulham,Missed,409,04-03-2017
58.11200000000003,140.916,preston-north-end,fulham,Missed,409,04-03-2017
60.800000000000004,239.112,preston-north-end,fulham,Missed,409,04-03-2017
115.45600000000002,224.416,preston-north-end,fulham,Missed,409,04-03-2017
115.45600000000002,130.562,preston-north-end,fulham,Missed,409,04-03-2017
91.71200000000003,203.37400000000002,preston-north-end,fulham,Missed,409,04-03-2017
74.68799999999999,148.598,preston-north-end,fulham,Scored,409,04-03-2017
113.664,247.79600000000002,preston-north-end,fulham,Missed,409,04-03-2017
44.22399999999993,179.994,derby,preston-north-end,Missed,420,07-03-2017
101.56799999999993,276.186,derby,preston-north-end,Missed,420,07-03-2017
83.64799999999991,213.394,derby,preston-north-end,Missed,420,07-03-2017
36.60799999999995,225.418,derby,preston-north-end,Missed,420,07-03-2017
80.06399999999996,276.85400000000004,derby,preston-north-end,Missed,420,07-03-2017
85.43999999999994,142.586,derby,preston-north-end,Missed,420,07-03-2017
55.42399999999992,157.616,derby,preston-north-end,Missed,420,07-03-2017
80.512,269.506,derby,preston-north-end,Missed,420,07-03-2017
50.94399999999996,264.496,derby,preston-north-end,Missed,420,07-03-2017
62.14399999999995,186.674,derby,preston-north-end,Scored,420,07-03-2017
69.31200000000001,204.376,derby,preston-north-end,Missed,420,07-03-2017
74.23999999999995,213.06,derby,preston-north-end,Missed,420,07-03-2017
151.74399999999997,154.94400000000002,derby,preston-north-end,Missed,420,07-03-2017
83.64799999999991,133.23399999999998,derby,preston-north-end,Missed,420,07-03-2017
59.007999999999925,142.92000000000002,derby,preston-north-end,Missed,420,07-03-2017
68.86399999999999,168.304,preston-north-end,derby,Missed,420,07-03-2017
104.25600000000001,232.43200000000002,preston-north-end,derby,Missed,420,07-03-2017
98.43200000000003,248.798,preston-north-end,derby,Missed,420,07-03-2017
65.72799999999998,139.246,preston-north-end,derby,Missed,420,07-03-2017
75.584,157.95000000000002,preston-north-end,derby,Scored,420,07-03-2017
90.81600000000002,156.948,preston-north-end,derby,Missed,420,07-03-2017
109.18399999999997,234.77,preston-north-end,reading,Missed,438,11-03-2017
136.512,178.992,preston-north-end,reading,Missed,438,11-03-2017
55.42399999999992,245.792,preston-north-end,reading,Missed,438,11-03-2017
97.536,233.76800000000003,preston-north-end,reading,Scored,438,11-03-2017
114.11199999999997,235.772,preston-north-end,reading,Missed,438,11-03-2017
40.639999999999986,155.612,preston-north-end,reading,Scored,438,11-03-2017
61.69599999999997,237.776,preston-north-end,reading,Missed,438,11-03-2017
73.79199999999997,163.962,preston-north-end,reading,Missed,438,11-03-2017
39.29599999999999,175.652,preston-north-end,reading,Scored,438,11-03-2017
24.063999999999965,149.93400000000003,preston-north-end,reading,Missed,438,11-03-2017
98.43200000000002,176.98800000000003,preston-north-end,reading,Missed,438,11-03-2017
106.49599999999998,124.88399999999999,preston-north-end,reading,Missed,438,11-03-2017
132.92799999999994,179.66,preston-north-end,reading,Missed,438,11-03-2017
63.48799999999994,120.20800000000003,preston-north-end,reading,Missed,438,11-03-2017
145.024,112.19200000000001,reading,preston-north-end,Missed,438,11-03-2017
119.04,219.406,reading,preston-north-end,Missed,438,11-03-2017
124.864,204.376,reading,preston-north-end,Missed,438,11-03-2017
128.44799999999998,201.036,reading,preston-north-end,Missed,438,11-03-2017
64.83200000000002,148.598,reading,preston-north-end,Missed,438,11-03-2017
128.44799999999998,214.39600000000002,reading,preston-north-end,Missed,438,11-03-2017
77.82399999999998,221.41,reading,preston-north-end,Missed,438,11-03-2017
73.79200000000003,140.916,reading,preston-north-end,Missed,438,11-03-2017
170.11200000000005,196.026,reading,preston-north-end,Missed,438,11-03-2017
163.84,45.391999999999996,reading,preston-north-end,Missed,438,11-03-2017
106.04799999999999,126.22,reading,preston-north-end,Missed,438,11-03-2017
38.400000000000006,135.572,reading,preston-north-end,Missed,438,11-03-2017
103.80799999999998,188.34400000000002,reading,preston-north-end,Missed,438,11-03-2017
80.51200000000003,261.82399999999996,reading,preston-north-end,Missed,438,11-03-2017
50.49599999999998,191.684,blackburn,preston-north-end,Missed,446,18-03-2017
106.49599999999998,160.62199999999999,blackburn,preston-north-end,Missed,446,18-03-2017
127.10399999999993,119.54000000000002,blackburn,preston-north-end,Missed,446,18-03-2017
122.62399999999997,199.032,blackburn,preston-north-end,Missed,446,18-03-2017
50.047999999999945,185.33800000000002,blackburn,preston-north-end,Missed,446,18-03-2017
148.15999999999997,190.014,blackburn,preston-north-end,Scored,446,18-03-2017
87.67999999999995,178.65800000000002,blackburn,preston-north-end,Missed,446,18-03-2017
77.37599999999998,173.64800000000002,blackburn,preston-north-end,Scored,446,18-03-2017
81.856,109.85399999999998,blackburn,preston-north-end,Missed,446,18-03-2017
62.591999999999985,246.794,blackburn,preston-north-end,Missed,446,18-03-2017
112.32,176.65400000000002,blackburn,preston-north-end,Missed,446,18-03-2017
61.247999999999976,147.93,preston-north-end,blackburn,Missed,446,18-03-2017
56.76799999999998,223.08,preston-north-end,blackburn,Scored,446,18-03-2017
72,220.40800000000002,preston-north-end,blackburn,Missed,446,18-03-2017
79.61600000000001,136.574,preston-north-end,blackburn,Missed,446,18-03-2017
109.63200000000003,250.802,preston-north-end,blackburn,Missed,446,18-03-2017
80.96000000000001,249.8,preston-north-end,blackburn,Missed,446,18-03-2017
46.91200000000003,209.052,preston-north-end,blackburn,Missed,446,18-03-2017
78.72,126.22,preston-north-end,blackburn,Missed,446,18-03-2017
82.30399999999999,186.34,preston-north-end,blackburn,Missed,446,18-03-2017
80.51200000000003,181.33,preston-north-end,blackburn,Missed,446,18-03-2017
102.01600000000002,181.99800000000002,preston-north-end,blackburn,Missed,446,18-03-2017
119.93600000000002,107.51600000000002,preston-north-end,blackburn,Missed,446,18-03-2017
59.45600000000002,245.792,preston-north-end,blackburn,Missed,446,18-03-2017
102.91200000000003,235.772,preston-north-end,blackburn,Missed,446,18-03-2017
74.68799999999999,157.282,preston-north-end,blackburn,Scored,446,18-03-2017
125.75999999999999,198.03,preston-north-end,forest,Missed,463,01-04-2017
44.67199999999997,236.774,preston-north-end,forest,Missed,463,01-04-2017
107.392,98.49800000000002,preston-north-end,forest,Missed,463,01-04-2017
107.392,194.356,preston-north-end,forest,Missed,463,01-04-2017
148.15999999999997,252.138,preston-north-end,forest,Missed,463,01-04-2017
91.71199999999999,180.662,preston-north-end,forest,Scored,463,01-04-2017
84.54399999999993,147.93,preston-north-end,forest,Missed,463,01-04-2017
61.69599999999997,165.966,preston-north-end,forest,Missed,463,01-04-2017
62.591999999999985,196.36,preston-north-end,forest,Missed,463,01-04-2017
119.04,195.024,forest,preston-north-end,Missed,463,01-04-2017
69.31200000000004,234.43600000000004,forest,preston-north-end,Missed,463,01-04-2017
71.10399999999998,114.19600000000003,forest,preston-north-end,Missed,463,01-04-2017
97.53600000000002,225.418,forest,preston-north-end,Missed,463,01-04-2017
61.69600000000002,164.63,forest,preston-north-end,Missed,463,01-04-2017
132.928,186.006,forest,preston-north-end,Missed,463,01-04-2017
54.080000000000005,210.054,forest,preston-north-end,Scored,463,01-04-2017
104.704,173.64800000000002,forest,preston-north-end,Missed,463,01-04-2017
81.85600000000002,237.776,forest,preston-north-end,Missed,463,01-04-2017
80.96000000000001,225.084,forest,preston-north-end,Missed,463,01-04-2017
112.32000000000001,109.52000000000001,forest,preston-north-end,Missed,463,01-04-2017
70.65600000000002,241.11600000000004,forest,preston-north-end,Missed,463,01-04-2017
115.45600000000002,161.29000000000002,forest,preston-north-end,Missed,463,01-04-2017
122.624,133.902,forest,preston-north-end,Missed,463,01-04-2017
112.76799999999999,116.20000000000002,forest,preston-north-end,Missed,463,01-04-2017
81.85600000000002,268.838,forest,preston-north-end,Missed,463,01-04-2017
79.61600000000001,259.486,forest,preston-north-end,Missed,463,01-04-2017
86.78399999999999,138.244,forest,preston-north-end,Missed,463,01-04-2017
110.97600000000003,127.55600000000004,forest,preston-north-end,Missed,463,01-04-2017
123.51999999999998,192.352,preston-north-end,bristol,Missed,473,04-04-2017
66.17599999999999,246.46,preston-north-end,bristol,Missed,473,04-04-2017
71.99999999999994,170.976,preston-north-end,bristol,Missed,473,04-04-2017
54.079999999999984,178.992,preston-north-end,bristol,Scored,473,04-04-2017
104.25599999999997,141.584,preston-north-end,bristol,Missed,473,04-04-2017
102.01599999999996,184.336,preston-north-end,bristol,Missed,473,04-04-2017
123.072,182.666,preston-north-end,bristol,Missed,473,04-04-2017
71.99999999999994,115.19800000000001,preston-north-end,bristol,Missed,473,04-04-2017
67.51999999999998,183,preston-north-end,bristol,Scored,473,04-04-2017
73.79199999999997,144.924,preston-north-end,bristol,Missed,473,04-04-2017
29.88799999999992,184.002,preston-north-end,bristol,Scored,473,04-04-2017
76.47999999999996,167.97,preston-north-end,bristol,Missed,473,04-04-2017
107.83999999999997,126.554,preston-north-end,bristol,Missed,473,04-04-2017
28.095999999999947,155.946,preston-north-end,bristol,Scored,473,04-04-2017
28.991999999999962,206.38,preston-north-end,bristol,Scored,473,04-04-2017
130.23999999999995,176.98800000000003,preston-north-end,bristol,Missed,473,04-04-2017
78.71999999999997,264.83,preston-north-end,bristol,Missed,473,04-04-2017
75.58399999999995,120.20800000000003,preston-north-end,bristol,Missed,473,04-04-2017
127.10399999999993,184.336,preston-north-end,bristol,Missed,473,04-04-2017
81.40799999999996,172.98000000000002,preston-north-end,bristol,Missed,473,04-04-2017
51.839999999999975,189.012,preston-north-end,bristol,Missed,473,04-04-2017
126.656,46.394000000000005,preston-north-end,bristol,Missed,473,04-04-2017
76.48,113.19399999999999,bristol,preston-north-end,Missed,473,04-04-2017
122.624,177.99,bristol,preston-north-end,Missed,473,04-04-2017
85.88799999999998,209.386,bristol,preston-north-end,Missed,473,04-04-2017
123.96799999999999,187.34199999999998,bristol,preston-north-end,Missed,473,04-04-2017
80.064,181.66400000000002,bristol,preston-north-end,Missed,473,04-04-2017
26.303999999999988,215.06400000000002,bristol,preston-north-end,Missed,473,04-04-2017
75.584,131.564,bristol,preston-north-end,Missed,473,04-04-2017
76.48,189.346,bristol,preston-north-end,Missed,473,04-04-2017
76.48,189.346,bristol,preston-north-end,Missed,473,04-04-2017
98.88000000000001,180.662,bristol,preston-north-end,Missed,473,04-04-2017
38.84799999999998,170.976,bristol,preston-north-end,Missed,473,04-04-2017
84.544,181.99800000000002,bristol,preston-north-end,Missed,473,04-04-2017
138.304,179.66,bristol,preston-north-end,Missed,473,04-04-2017
119.93599999999998,161.62400000000002,leeds,preston-north-end,Missed,486,08-04-2017
65.27999999999997,157.616,leeds,preston-north-end,Scored,486,08-04-2017
120.38399999999996,241.784,leeds,preston-north-end,Missed,486,08-04-2017
104.70399999999995,228.09,leeds,preston-north-end,Scored,486,08-04-2017
67.51999999999998,132.56600000000003,leeds,preston-north-end,Missed,486,08-04-2017
96.19200000000001,220.074,leeds,preston-north-end,Missed,486,08-04-2017
62.14399999999995,198.364,leeds,preston-north-end,Missed,486,08-04-2017
116.35199999999998,140.916,leeds,preston-north-end,Missed,486,08-04-2017
57.66399999999993,176.98800000000003,leeds,preston-north-end,Missed,486,08-04-2017
118.14399999999995,235.772,leeds,preston-north-end,Missed,486,08-04-2017
63.93599999999998,190.348,leeds,preston-north-end,Missed,486,08-04-2017
76.92799999999994,101.50399999999999,leeds,preston-north-end,Missed,486,08-04-2017
105.59999999999997,271.844,leeds,preston-north-end,Missed,486,08-04-2017
68.416,232.76600000000002,leeds,preston-north-end,Missed,486,08-04-2017
52.73599999999999,243.788,leeds,preston-north-end,Scored,486,08-04-2017
64.83200000000002,209.386,preston-north-end,leeds,Missed,486,08-04-2017
40.19200000000003,175.652,preston-north-end,leeds,Missed,486,08-04-2017
80.96000000000001,256.48,preston-north-end,leeds,Missed,486,08-04-2017
132.03200000000004,172.98000000000002,preston-north-end,leeds,Missed,486,08-04-2017
136.96,185.00400000000002,preston-north-end,leeds,Missed,486,08-04-2017
131.13600000000002,202.038,preston-north-end,leeds,Missed,486,08-04-2017
103.36000000000001,227.422,preston-north-end,leeds,Missed,486,08-04-2017
156.224,149.60000000000002,preston-north-end,leeds,Missed,486,08-04-2017
113.664,144.924,preston-north-end,leeds,Missed,486,08-04-2017
50.04799999999998,147.596,preston-north-end,leeds,Missed,486,08-04-2017
62.59200000000003,186.674,preston-north-end,leeds,Missed,486,08-04-2017
129.79200000000003,131.564,preston-north-end,leeds,Missed,486,08-04-2017
37.50399999999999,189.68,preston-north-end,leeds,Missed,486,08-04-2017
35.26399999999999,185.33800000000002,preston-north-end,leeds,Missed,486,08-04-2017
113.21600000000002,224.416,preston-north-end,leeds,Missed,486,08-04-2017
75.13599999999997,246.46,hudd-town,preston-north-end,Missed,495,14-04-2017
107.83999999999997,135.23800000000003,hudd-town,preston-north-end,Missed,495,14-04-2017
104.25599999999997,247.462,hudd-town,preston-north-end,Missed,495,14-04-2017
131.58399999999995,146.92800000000003,hudd-town,preston-north-end,Missed,495,14-04-2017
57.66399999999993,172.312,hudd-town,preston-north-end,Missed,495,14-04-2017
30.783999999999935,192.352,hudd-town,preston-north-end,Scored,495,14-04-2017
37.50399999999996,246.46,hudd-town,preston-north-end,Missed,495,14-04-2017
62.591999999999985,168.304,hudd-town,preston-north-end,Missed,495,14-04-2017
24.95999999999998,161.29000000000002,hudd-town,preston-north-end,Scored,495,14-04-2017
125.75999999999999,179.326,hudd-town,preston-north-end,Missed,495,14-04-2017
61.247999999999934,259.82,hudd-town,preston-north-end,Missed,495,14-04-2017
62.591999999999985,174.65,hudd-town,preston-north-end,Missed,495,14-04-2017
45.11999999999995,223.08,hudd-town,preston-north-end,Scored,495,14-04-2017
67.51999999999998,183,hudd-town,preston-north-end,Missed,495,14-04-2017
102.01600000000002,123.54800000000003,preston-north-end,hudd-town,Scored,495,14-04-2017
53.632000000000026,188.01000000000002,preston-north-end,hudd-town,Scored,495,14-04-2017
28.992000000000026,192.352,preston-north-end,hudd-town,Missed,495,14-04-2017
61.69599999999997,120.20800000000003,preston-north-end,norwich,Missed,512,17-04-2017
111.42399999999998,136.574,preston-north-end,norwich,Missed,512,17-04-2017
117.24799999999993,233.76800000000003,preston-north-end,norwich,Missed,512,17-04-2017
130.23999999999995,250.80200000000002,preston-north-end,norwich,Missed,512,17-04-2017
123.072,115.53200000000001,preston-north-end,norwich,Missed,512,17-04-2017
121.27999999999997,241.784,preston-north-end,norwich,Missed,512,17-04-2017
79.61599999999999,166.96800000000002,preston-north-end,norwich,Missed,512,17-04-2017
79.61599999999999,172.312,preston-north-end,norwich,Missed,512,17-04-2017
111.87200000000001,113.52800000000002,preston-north-end,norwich,Missed,512,17-04-2017
116.35199999999998,151.604,preston-north-end,norwich,Missed,512,17-04-2017
73.79199999999997,175.986,preston-north-end,norwich,Scored,512,17-04-2017
46.01599999999996,208.05,preston-north-end,norwich,Missed,512,17-04-2017
58.111999999999966,192.01800000000003,preston-north-end,norwich,Missed,512,17-04-2017
41.983999999999924,248.464,preston-north-end,norwich,Missed,512,17-04-2017
69.31200000000001,142.92000000000002,preston-north-end,norwich,Missed,512,17-04-2017
136.512,245.458,preston-north-end,norwich,Missed,512,17-04-2017
127.104,253.808,norwich,preston-north-end,Missed,512,17-04-2017
56.32000000000001,190.014,norwich,preston-north-end,Missed,512,17-04-2017
76.48,166.63400000000001,norwich,preston-north-end,Missed,512,17-04-2017
62.59200000000003,202.038,norwich,preston-north-end,Missed,512,17-04-2017
76.92799999999998,243.788,norwich,preston-north-end,Missed,512,17-04-2017
110.52799999999998,213.06,norwich,preston-north-end,Scored,512,17-04-2017
84.09600000000002,92.82,norwich,preston-north-end,Missed,512,17-04-2017
107.84,114.19600000000003,norwich,preston-north-end,Missed,512,17-04-2017
79.61600000000001,110.18800000000002,norwich,preston-north-end,Missed,512,17-04-2017
80.51200000000003,184.002,norwich,preston-north-end,Scored,512,17-04-2017
116.35200000000003,167.636,norwich,preston-north-end,Missed,512,17-04-2017
76.48,139.58,norwich,preston-north-end,Missed,512,17-04-2017
74.24000000000001,200.36800000000002,norwich,preston-north-end,Missed,512,17-04-2017
99.77600000000002,263.82800000000003,norwich,preston-north-end,Missed,512,17-04-2017
58.11200000000003,201.37,norwich,preston-north-end,Missed,512,17-04-2017
60.35200000000003,202.37199999999999,norwich,preston-north-end,Missed,512,17-04-2017
79.16799999999998,260.822,norwich,preston-north-end,Missed,512,17-04-2017
106.49600000000002,154.94400000000002,norwich,preston-north-end,Missed,512,17-04-2017
89.024,164.964,norwich,preston-north-end,Missed,512,17-04-2017
52.287999999999975,269.84000000000003,norwich,preston-north-end,Missed,512,17-04-2017
36.160000000000004,261.49,norwich,preston-north-end,Missed,512,17-04-2017
107.84,126.554,norwich,preston-north-end,Missed,512,17-04-2017
64.38399999999999,162.626,norwich,preston-north-end,Scored,512,17-04-2017
26.75200000000001,210.722,newcastle,preston-north-end,Missed,526,24-04-2017
24.063999999999965,172.98000000000002,newcastle,preston-north-end,Scored,526,24-04-2017
36.15999999999997,205.37800000000001,newcastle,preston-north-end,Missed,526,24-04-2017
29.88799999999992,170.30800000000002,newcastle,preston-north-end,Missed,526,24-04-2017
110.976,173.64800000000002,newcastle,preston-north-end,Missed,526,24-04-2017
76.03199999999998,185.33800000000002,newcastle,preston-north-end,Missed,526,24-04-2017
67.072,164.964,newcastle,preston-north-end,Scored,526,24-04-2017
57.66399999999993,152.272,newcastle,preston-north-end,Missed,526,24-04-2017
140.99200000000002,152.272,newcastle,preston-north-end,Missed,526,24-04-2017
54.976,174.984,newcastle,preston-north-end,Missed,526,24-04-2017
67.51999999999998,183,newcastle,preston-north-end,Scored,526,24-04-2017
52.73599999999999,155.946,newcastle,preston-north-end,Missed,526,24-04-2017
35.71199999999999,182.666,newcastle,preston-north-end,Missed,526,24-04-2017
76.47999999999996,222.41199999999998,newcastle,preston-north-end,Missed,526,24-04-2017
28.543999999999926,156.948,newcastle,preston-north-end,Missed,526,24-04-2017
25.855999999999995,180.996,newcastle,preston-north-end,Scored,526,24-04-2017
76.92799999999994,201.37,newcastle,preston-north-end,Missed,526,24-04-2017
74.68799999999993,227.422,newcastle,preston-north-end,Missed,526,24-04-2017
103.80799999999994,186.006,newcastle,preston-north-end,Missed,526,24-04-2017
78.71999999999997,157.95000000000002,newcastle,preston-north-end,Missed,526,24-04-2017
74.23999999999995,140.582,newcastle,preston-north-end,Missed,526,24-04-2017
62.14399999999995,195.692,newcastle,preston-north-end,Missed,526,24-04-2017
61.69600000000002,190.348,preston-north-end,newcastle,Scored,526,24-04-2017
77.82399999999998,217.068,preston-north-end,newcastle,Missed,526,24-04-2017
50.496000000000016,191.016,preston-north-end,newcastle,Missed,526,24-04-2017
59.45600000000002,121.54399999999998,preston-north-end,newcastle,Missed,526,24-04-2017
132.928,170.976,preston-north-end,newcastle,Missed,526,24-04-2017
135.168,194.356,preston-north-end,newcastle,Missed,526,24-04-2017
65.27999999999997,164.63,preston-north-end,rotherham,Missed,537,29-04-2017
80.512,188.34400000000002,preston-north-end,rotherham,Missed,537,29-04-2017
119.93599999999998,184.67000000000002,preston-north-end,rotherham,Missed,537,29-04-2017
61.247999999999934,216.066,preston-north-end,rotherham,Missed,537,29-04-2017
106.04799999999994,193.02,preston-north-end,rotherham,Missed,537,29-04-2017
74.68799999999993,163.962,preston-north-end,rotherham,Missed,537,29-04-2017
68.86399999999998,229.426,preston-north-end,rotherham,Missed,537,29-04-2017
111.87200000000001,137.91,preston-north-end,rotherham,Scored,537,29-04-2017
122.62399999999997,125.55199999999999,preston-north-end,rotherham,Missed,537,29-04-2017
100.22399999999993,163.962,preston-north-end,rotherham,Missed,537,29-04-2017
80.512,212.392,preston-north-end,rotherham,Missed,537,29-04-2017
73.79199999999997,198.364,preston-north-end,rotherham,Missed,537,29-04-2017
130.23999999999995,233.76800000000003,preston-north-end,rotherham,Missed,537,29-04-2017
54.52799999999996,213.06,preston-north-end,rotherham,Missed,537,29-04-2017
129.79199999999997,139.91400000000002,preston-north-end,rotherham,Missed,537,29-04-2017
38.39999999999998,196.36,preston-north-end,rotherham,Missed,537,29-04-2017
37.05599999999998,166.3,preston-north-end,rotherham,Missed,537,29-04-2017
119.48799999999994,197.02800000000002,preston-north-end,rotherham,Missed,537,29-04-2017
126.65600000000002,226.086,rotherham,preston-north-end,Missed,537,29-04-2017
100.22399999999999,215.732,rotherham,preston-north-end,Scored,537,29-04-2017
121.72799999999998,263.49399999999997,rotherham,preston-north-end,Missed,537,29-04-2017
71.55200000000002,164.964,rotherham,preston-north-end,Missed,537,29-04-2017
97.08799999999998,219.072,rotherham,preston-north-end,Missed,537,29-04-2017
63.936000000000014,156.614,rotherham,preston-north-end,Missed,537,29-04-2017
169.66400000000002,93.154,rotherham,preston-north-end,Missed,537,29-04-2017
50.496000000000016,192.352,rotherham,preston-north-end,Missed,537,29-04-2017
74.68799999999999,176.98800000000003,rotherham,preston-north-end,Missed,537,29-04-2017
82.75200000000004,156.948,rotherham,preston-north-end,Missed,537,29-04-2017
80.064,256.81399999999996,rotherham,preston-north-end,Missed,537,29-04-2017
45.56799999999998,192.352,rotherham,preston-north-end,Missed,537,29-04-2017
53.632000000000026,239.112,rotherham,preston-north-end,Missed,537,29-04-2017
114.11200000000004,202.038,rotherham,preston-north-end,Missed,537,29-04-2017
