x,y,Team,Against,Scored,Match No
118.14399999999995,206.046,norwich,b-mouth,Missed,44
51.839999999999975,184.67000000000002,norwich,b-mouth,Missed,44
48.70399999999995,188.01000000000002,norwich,b-mouth,Scored,44
58.559999999999945,228.09,norwich,b-mouth,Missed,44
120.832,151.604,norwich,b-mouth,Missed,44
98.43200000000002,143.58800000000002,norwich,b-mouth,Scored,44
114.55999999999995,258.15,norwich,b-mouth,Missed,44
99.77599999999995,226.086,norwich,b-mouth,Missed,44
62.14399999999995,243.788,norwich,b-mouth,Missed,44
68.86399999999998,226.75400000000002,norwich,b-mouth,Scored,44
62.591999999999985,131.89800000000002,norwich,b-mouth,Missed,44
33.91999999999996,116.53399999999999,norwich,b-mouth,Missed,44
98.88000000000001,219.74,b-mouth,norwich,Missed,44
32.576000000000015,196.36,b-mouth,norwich,Missed,44
75.13600000000002,147.596,b-mouth,norwich,Missed,44
121.28000000000002,190.682,b-mouth,norwich,Missed,44
58.11200000000003,101.50399999999999,b-mouth,norwich,Missed,44
70.20799999999997,181.99800000000002,b-mouth,norwich,Scored,44
56.76799999999998,204.042,b-mouth,norwich,Missed,44
54.079999999999984,180.662,newcastle,watford,Missed,54
61.247999999999934,186.006,newcastle,watford,Missed,54
63.039999999999964,139.246,newcastle,watford,Missed,54
89.91999999999996,152.272,newcastle,watford,Missed,54
100.22399999999993,227.756,newcastle,watford,Missed,54
123.072,183.334,newcastle,watford,Missed,54
139.64799999999997,225.418,newcastle,watford,Missed,54
83.19999999999999,118.53800000000001,newcastle,watford,Missed,54
52.287999999999954,117.202,newcastle,watford,Missed,54
44.67199999999997,222.41199999999998,newcastle,watford,Scored,54
112.76799999999992,260.154,newcastle,watford,Missed,54
59.007999999999925,178.65800000000002,newcastle,watford,Missed,54
133.37599999999998,182.666,newcastle,watford,Missed,54
105.15199999999999,109.85399999999998,newcastle,watford,Missed,54
85.43999999999994,200.702,newcastle,watford,Missed,54
111.42399999999999,129.22600000000003,watford,newcastle,Missed,54
76.48,203.04000000000002,watford,newcastle,Scored,54
70.20799999999997,158.28400000000002,watford,newcastle,Missed,54
128,230.094,watford,newcastle,Missed,54
112.32000000000001,190.348,watford,newcastle,Missed,54
40.19200000000003,126.22,watford,newcastle,Scored,54
68.86399999999999,263.49399999999997,watford,newcastle,Missed,54
150.84799999999998,106.51399999999998,watford,newcastle,Missed,54
67.52000000000001,164.63,watford,newcastle,Missed,54
132.48000000000002,179.994,watford,newcastle,Missed,54
28.54399999999999,234.10199999999998,watford,newcastle,Missed,54
112.76799999999999,234.10199999999998,watford,newcastle,Missed,54
70.20799999999997,144.59,watford,newcastle,Missed,54
76.47999999999996,235.772,cpalace,west-ham,Missed,81
69.75999999999999,201.37,cpalace,west-ham,Missed,81
67.51999999999998,183,cpalace,west-ham,Scored,81
30.783999999999935,150.936,cpalace,west-ham,Missed,81
65.72799999999995,130.228,cpalace,west-ham,Missed,81
118.59199999999998,209.72,cpalace,west-ham,Missed,81
43.77600000000001,178.65800000000002,west-ham,cpalace,Missed,81
84.99200000000003,255.478,west-ham,cpalace,Missed,81
22.72,150.26800000000003,west-ham,cpalace,Missed,81
140.54399999999998,151.93800000000002,west-ham,cpalace,Missed,81
59.45600000000002,151.604,west-ham,cpalace,Scored,81
65.72799999999998,205.044,west-ham,cpalace,Missed,81
72.89600000000002,256.48,west-ham,cpalace,Missed,81
106.49600000000002,139.91400000000002,west-ham,cpalace,Missed,81
63.48799999999998,110.18800000000002,west-ham,cpalace,Missed,81
114.11200000000004,231.096,west-ham,cpalace,Missed,81
58.11200000000003,136.574,west-ham,cpalace,Missed,81
127.55200000000004,222.41199999999998,west-ham,cpalace,Missed,81
49.6,170.976,west-ham,cpalace,Missed,81
63.040000000000006,171.644,west-ham,cpalace,Missed,81
131.13600000000002,161.95800000000003,west-ham,cpalace,Missed,81
139.64799999999997,229.426,west-ham,cpalace,Missed,81
137.408,156.28,west-ham,cpalace,Missed,81
123.52000000000001,123.882,west-ham,cpalace,Missed,81
43.327999999999975,183.334,west-ham,cpalace,Scored,81
111.42399999999999,190.682,west-ham,cpalace,Missed,81
129.79200000000003,185.00400000000002,west-ham,cpalace,Missed,81
122.624,234.10199999999998,west-ham,cpalace,Missed,81
110.08000000000001,223.41400000000002,west-ham,cpalace,Missed,81
70.20799999999997,166.96800000000002,west-ham,cpalace,Scored,81
111.42399999999998,230.428,cpalace,spurs,Missed,220
47.35999999999996,203.37400000000002,cpalace,spurs,Missed,220
48.70399999999995,205.712,cpalace,spurs,Scored,220
53.632000000000005,250.13400000000001,cpalace,spurs,Missed,220
106.49599999999998,178.65800000000002,cpalace,spurs,Missed,220
129.79199999999997,138.57800000000003,cpalace,spurs,Missed,220
107.392,181.33,cpalace,spurs,Missed,220
84.99199999999996,220.40800000000002,cpalace,spurs,Missed,220
61.247999999999934,152.606,cpalace,spurs,Missed,220
37.50399999999996,172.98000000000002,cpalace,spurs,Missed,220
54.079999999999984,228.758,cpalace,spurs,Missed,220
56.767999999999915,181.33,cpalace,spurs,Missed,220
139.20000000000002,156.614,spurs,cpalace,Missed,220
25.407999999999973,106.18,spurs,cpalace,Missed,220
64.83200000000002,178.324,spurs,cpalace,Missed,220
70.65600000000002,159.286,spurs,cpalace,Missed,220
89.47200000000004,98.832,spurs,cpalace,Missed,220
93.95200000000003,250.802,spurs,cpalace,Missed,220
107.39200000000004,129.22600000000003,spurs,cpalace,Missed,220
44.22399999999999,210.054,spurs,cpalace,Missed,220
102.91200000000003,99.834,spurs,cpalace,Missed,220
117.24799999999999,111.524,spurs,cpalace,Missed,220
120.83200000000004,161.29000000000002,spurs,cpalace,Missed,220
53.632000000000026,213.394,spurs,cpalace,Missed,220
130.688,221.41,spurs,cpalace,Missed,220
39.296000000000014,186.34,spurs,cpalace,Scored,220
151.744,190.348,spurs,cpalace,Missed,220
130.688,221.744,spurs,cpalace,Missed,220
119.04,261.82399999999996,spurs,cpalace,Missed,220
118.59200000000004,190.348,spurs,cpalace,Scored,220
120.384,229.426,spurs,cpalace,Missed,220
194.304,262.49199999999996,spurs,cpalace,Missed,220
132.928,162.292,spurs,cpalace,Missed,220
126.20799999999998,192.352,spurs,cpalace,Scored,220
93.05600000000003,241.11600000000004,spurs,cpalace,Missed,220
58.11200000000003,234.77,spurs,cpalace,Missed,220
80.95999999999998,81.464,man-utd,arsenal,Missed,267
56.767999999999915,163.294,man-utd,arsenal,Scored,267
47.807999999999936,189.012,man-utd,arsenal,Scored,267
112.32,135.90600000000003,man-utd,arsenal,Missed,267
59.90399999999994,131.23000000000002,man-utd,arsenal,Missed,267
105.15199999999999,175.652,man-utd,arsenal,Scored,267
118.59199999999998,108.51800000000003,man-utd,arsenal,Missed,267
85.44000000000001,152.94,arsenal,man-utd,Missed,267
56.32000000000001,211.39000000000001,arsenal,man-utd,Missed,267
70.20799999999997,151.604,arsenal,man-utd,Missed,267
78.72,243.12,arsenal,man-utd,Missed,267
56.76799999999998,169.64000000000001,arsenal,man-utd,Scored,267
50.94399999999999,149.60000000000002,arsenal,man-utd,Missed,267
115.00799999999998,154.61,arsenal,man-utd,Missed,267
120.83200000000004,143.58800000000002,arsenal,man-utd,Missed,267
95.29600000000002,158.952,arsenal,man-utd,Missed,267
72,178.65800000000002,arsenal,man-utd,Scored,267
40.19200000000003,174.984,arsenal,man-utd,Missed,267
54.080000000000005,209.052,arsenal,man-utd,Missed,267
36.607999999999976,156.614,arsenal,man-utd,Missed,267
56.767999999999915,254.142,b-mouth,s-hampton,Missed,269
39.74399999999997,209.386,b-mouth,s-hampton,Missed,269
102.01599999999996,148.932,b-mouth,s-hampton,Missed,269
117.24799999999993,195.692,b-mouth,s-hampton,Missed,269
41.535999999999945,170.30800000000002,b-mouth,s-hampton,Scored,269
116.79999999999995,140.582,b-mouth,s-hampton,Missed,269
40.19200000000001,198.364,b-mouth,s-hampton,Scored,269
127.55200000000002,104.17600000000002,b-mouth,s-hampton,Missed,269
126.656,223.41400000000002,b-mouth,s-hampton,Missed,269
53.18399999999999,166.96800000000002,s-hampton,b-mouth,Missed,269
141.88799999999998,135.90600000000003,s-hampton,b-mouth,Missed,269
47.36,245.792,s-hampton,b-mouth,Missed,269
70.20799999999997,202.038,s-hampton,b-mouth,Missed,269
135.168,163.962,s-hampton,b-mouth,Missed,269
53.632000000000026,144.256,s-hampton,b-mouth,Missed,269
134.71999999999997,175.986,arsenal,swansea,Missed,273
81.856,178.65800000000002,arsenal,swansea,Missed,273
61.247999999999934,207.048,arsenal,swansea,Missed,273
54.079999999999984,150.26800000000003,arsenal,swansea,Scored,273
98.87999999999994,260.154,arsenal,swansea,Missed,273
84.096,144.59,arsenal,swansea,Missed,273
127.99999999999994,239.112,arsenal,swansea,Missed,273
84.54399999999993,227.756,arsenal,swansea,Missed,273
109.18399999999997,267.502,arsenal,swansea,Missed,273
60.799999999999955,178.992,arsenal,swansea,Missed,273
41.535999999999945,252.80599999999998,arsenal,swansea,Missed,273
77.37599999999998,171.978,arsenal,swansea,Missed,273
113.66399999999993,137.576,arsenal,swansea,Missed,273
60.799999999999955,155.27800000000002,arsenal,swansea,Missed,273
79.16799999999995,145.592,arsenal,swansea,Missed,273
55.872000000000014,184.336,arsenal,swansea,Missed,273
62.591999999999985,188.67800000000003,arsenal,swansea,Missed,273
127.55200000000004,103.17399999999998,swansea,arsenal,Missed,273
113.664,151.93800000000002,swansea,arsenal,Missed,273
115.904,197.02800000000002,swansea,arsenal,Missed,273
121.72799999999998,224.75,swansea,arsenal,Missed,273
99.77600000000002,188.01000000000002,swansea,arsenal,Scored,273
109.184,146.59400000000002,swansea,arsenal,Missed,273
120.83200000000004,232.098,swansea,arsenal,Missed,273
30.78399999999999,127.55600000000004,swansea,arsenal,Missed,273
62.14399999999999,260.154,swansea,arsenal,Missed,273
33.47200000000002,185.33800000000002,swansea,arsenal,Scored,273
227.90399999999997,91.48399999999998,arsenal,swansea,Missed,273
40.19200000000001,219.74,west-ham,spurs,Scored,277
130.68799999999993,194.356,west-ham,spurs,Missed,277
140.99200000000002,159.286,west-ham,spurs,Missed,277
52.287999999999954,179.66,west-ham,spurs,Missed,277
111.87200000000001,174.984,west-ham,spurs,Missed,277
57.66399999999993,232.098,west-ham,spurs,Missed,277
103.80799999999994,118.53800000000001,west-ham,spurs,Missed,277
128.44799999999992,180.996,west-ham,spurs,Missed,277
61.69599999999997,165.29800000000003,west-ham,spurs,Missed,277
110.976,207.382,west-ham,spurs,Missed,277
49.599999999999966,190.682,west-ham,spurs,Missed,277
108.28799999999995,153.942,west-ham,spurs,Missed,277
146.36799999999994,166.96800000000002,west-ham,spurs,Missed,277
118.59199999999998,220.40800000000002,west-ham,spurs,Missed,277
121.28000000000002,193.02,spurs,west-ham,Missed,277
136.51200000000006,234.77,spurs,west-ham,Missed,277
46.01600000000002,152.272,spurs,west-ham,Missed,277
65.28,128.224,spurs,west-ham,Missed,277
130.688,100.83600000000004,spurs,west-ham,Missed,277
132.48000000000002,90.48200000000003,spurs,west-ham,Missed,277
33.02399999999999,193.02,spurs,west-ham,Missed,277
102.464,103.84200000000001,spurs,west-ham,Missed,277
39.743999999999986,213.06,spurs,west-ham,Missed,277
141.88799999999992,128.224,stoke,s-hampton,Missed,290
63.039999999999964,215.732,stoke,s-hampton,Missed,290
73.34399999999994,197.696,stoke,s-hampton,Missed,290
121.72799999999995,104.17600000000002,stoke,s-hampton,Missed,290
147.26399999999995,141.918,stoke,s-hampton,Missed,290
110.976,223.08,stoke,s-hampton,Missed,290
35.26399999999995,159.954,stoke,s-hampton,Scored,290
72.89599999999996,125.55199999999999,stoke,s-hampton,Missed,290
143.67999999999995,171.978,stoke,s-hampton,Missed,290
140.99200000000002,138.57800000000003,stoke,s-hampton,Missed,290
62.591999999999985,169.97400000000002,stoke,s-hampton,Missed,290
122.17599999999999,201.37,stoke,s-hampton,Missed,290
108.28799999999995,215.06400000000002,stoke,s-hampton,Missed,290
62.59200000000003,206.714,s-hampton,stoke,Missed,290
33.02399999999999,208.05,s-hampton,stoke,Scored,290
62.59200000000003,115.19800000000001,s-hampton,stoke,Missed,290
69.76,246.46,s-hampton,stoke,Scored,290
127.104,220.40800000000002,s-hampton,stoke,Missed,290
151.744,186.006,s-hampton,stoke,Missed,290
86.78399999999999,199.70000000000002,s-hampton,stoke,Missed,290
77.37600000000002,128.55800000000002,s-hampton,stoke,Missed,290
110.52799999999998,167.636,s-hampton,stoke,Missed,290
148.60799999999998,182.332,s-hampton,stoke,Missed,290
126.20799999999998,216.066,s-hampton,stoke,Missed,290
131.58399999999995,162.626,cpalace,leicester,Missed,294
31.67999999999995,221.41,cpalace,leicester,Missed,294
125.31200000000001,86.47399999999999,cpalace,leicester,Missed,294
87.23199999999997,113.862,cpalace,leicester,Missed,294
63.93599999999998,150.26800000000003,cpalace,leicester,Missed,294
69.75999999999999,109.85399999999998,cpalace,leicester,Missed,294
44.22399999999993,182.666,cpalace,leicester,Missed,294
118.59199999999998,262.158,cpalace,leicester,Missed,294
149.05599999999998,243.788,cpalace,leicester,Missed,294
113.21599999999995,253.808,cpalace,leicester,Missed,294
101.56799999999993,174.316,cpalace,leicester,Missed,294
40.19200000000001,134.57000000000002,cpalace,leicester,Missed,294
60.351999999999975,177.322,cpalace,leicester,Missed,294
80.96000000000001,138.57800000000003,leicester,cpalace,Missed,294
59.45600000000002,160.62199999999999,leicester,cpalace,Scored,294
80.96000000000001,258.484,leicester,cpalace,Missed,294
132.48000000000002,143.922,leicester,cpalace,Missed,294
81.85600000000002,145.592,leicester,cpalace,Missed,294
31.232000000000028,212.05800000000002,leicester,cpalace,Missed,294
57.663999999999994,161.95800000000003,leicester,cpalace,Missed,294
102.464,179.66,leicester,cpalace,Missed,294
49.15199999999999,244.122,watford,stoke,Missed,297
62.591999999999985,186.674,watford,stoke,Missed,297
77.37599999999998,119.20600000000002,watford,stoke,Missed,297
72.44799999999992,132.9,watford,stoke,Missed,297
108.28799999999995,144.59,watford,stoke,Missed,297
104.70399999999995,137.242,watford,stoke,Missed,297
71.55199999999996,132.9,watford,stoke,Missed,297
120.38399999999996,198.03,watford,stoke,Missed,297
39.74399999999997,173.64800000000002,watford,stoke,Scored,297
123.96799999999999,228.09,stoke,watford,Missed,297
32.576000000000015,201.37,stoke,watford,Scored,297
102.91200000000003,208.71800000000002,stoke,watford,Missed,297
95.744,131.23000000000002,stoke,watford,Missed,297
106.49600000000002,134.57000000000002,stoke,watford,Scored,297
50.496000000000016,176.98800000000003,stoke,watford,Missed,297
98.88000000000001,185.00400000000002,stoke,watford,Missed,297
148.16000000000003,191.684,stoke,watford,Missed,297
54.080000000000005,220.40800000000002,stoke,watford,Missed,297
59.45599999999996,209.386,newcastle,sunderland,Missed,300
123.072,211.056,newcastle,sunderland,Missed,300
31.23199999999997,154.61,newcastle,sunderland,Missed,300
123.51999999999998,210.388,newcastle,sunderland,Missed,300
96.63999999999999,199.366,newcastle,sunderland,Missed,300
113.21599999999995,236.774,newcastle,sunderland,Missed,300
57.66399999999993,201.37,newcastle,sunderland,Missed,300
50.49599999999998,120.20800000000003,newcastle,sunderland,Missed,300
62.14399999999995,137.242,newcastle,sunderland,Missed,300
56.767999999999915,151.93800000000002,newcastle,sunderland,Missed,300
79.16799999999995,145.592,newcastle,sunderland,Missed,300
122.62399999999997,214.06199999999998,newcastle,sunderland,Missed,300
124.416,228.758,newcastle,sunderland,Missed,300
55.42399999999992,127.22200000000001,newcastle,sunderland,Missed,300
128.44799999999992,215.06400000000002,newcastle,sunderland,Missed,300
32.575999999999965,153.608,newcastle,sunderland,Scored,300
130.23999999999995,156.948,newcastle,sunderland,Missed,300
64.83200000000002,189.012,sunderland,newcastle,Missed,300
122.17600000000002,263.82800000000003,sunderland,newcastle,Missed,300
58.56,181.99800000000002,sunderland,newcastle,Missed,300
65.72799999999998,176.65400000000002,sunderland,newcastle,Missed,300
49.15200000000003,166.3,sunderland,newcastle,Missed,300
66.17600000000002,100.168,sunderland,newcastle,Missed,300
134.27200000000005,204.042,sunderland,newcastle,Missed,300
53.632000000000026,211.39000000000001,sunderland,newcastle,Scored,300
100.22399999999999,118.20399999999998,sunderland,newcastle,Missed,300
128,205.044,sunderland,newcastle,Missed,300
122.17600000000002,163.962,sunderland,newcastle,Missed,300
58.56,245.45800000000003,sunderland,newcastle,Missed,300
122.624,164.63,sunderland,newcastle,Missed,300
97.08799999999998,283.2,sunderland,newcastle,Missed,300
47.807999999999936,205.37800000000001,spurs,b-mouth,Scored,302
143.67999999999995,227.756,spurs,b-mouth,Missed,302
81.856,151.604,spurs,b-mouth,Scored,302
72.89599999999996,244.122,spurs,b-mouth,Missed,302
146.36799999999994,237.776,spurs,b-mouth,Missed,302
118.14399999999995,285.538,spurs,b-mouth,Missed,302
27.199999999999932,122.21199999999999,spurs,b-mouth,Missed,302
136.06399999999996,130.228,spurs,b-mouth,Missed,302
55.872000000000014,260.822,spurs,b-mouth,Missed,302
52.287999999999954,189.012,spurs,b-mouth,Scored,302
141.88799999999992,226.75400000000002,spurs,b-mouth,Missed,302
140.99200000000002,179.994,spurs,b-mouth,Missed,302
71.10399999999993,104.17600000000002,spurs,b-mouth,Missed,302
63.039999999999964,195.692,spurs,b-mouth,Missed,302
137.856,182.666,spurs,b-mouth,Missed,302
146.36799999999994,174.316,spurs,b-mouth,Missed,302
50.49599999999998,263.828,spurs,b-mouth,Missed,302
48.70399999999999,172.312,b-mouth,spurs,Missed,302
65.28,176.98800000000003,b-mouth,spurs,Missed,302
47.807999999999936,185.33800000000002,avilla,chelsea,Missed,304
119.93599999999998,80.79600000000005,avilla,chelsea,Missed,304
128.89599999999996,223.08,avilla,chelsea,Missed,304
124.416,157.282,avilla,chelsea,Missed,304
76.03199999999998,143.58800000000002,avilla,chelsea,Missed,304
102.01599999999996,103.50800000000001,avilla,chelsea,Missed,304
108.73599999999999,128.224,avilla,chelsea,Missed,304
42.87999999999994,123.54800000000003,avilla,chelsea,Missed,304
118.14399999999995,158.61800000000002,avilla,chelsea,Missed,304
76.47999999999996,172.312,avilla,chelsea,Missed,304
135.61599999999999,191.016,avilla,chelsea,Missed,304
128.89599999999996,181.33,avilla,chelsea,Missed,304
65.72799999999995,223.08,avilla,chelsea,Missed,304
120.832,181.33,avilla,chelsea,Missed,304
44.67199999999997,127.55600000000004,avilla,chelsea,Missed,304
113.664,173.64800000000002,chelsea,avilla,Missed,304
67.52000000000001,164.964,chelsea,avilla,Scored,304
38.84799999999998,237.442,chelsea,avilla,Missed,304
93.95200000000003,202.706,chelsea,avilla,Missed,304
67.52000000000001,183,chelsea,avilla,Scored,304
54.080000000000005,190.348,chelsea,avilla,Scored,304
79.61600000000001,254.142,chelsea,avilla,Missed,304
26.752000000000027,157.95000000000002,chelsea,avilla,Scored,304
93.95200000000003,240.448,chelsea,avilla,Missed,304
137.85600000000002,263.49399999999997,chelsea,avilla,Missed,304
60.35200000000003,168.638,chelsea,avilla,Missed,304
53.632000000000005,166.96800000000002,man-utd,everton,Missed,312
71.99999999999994,235.43800000000002,man-utd,everton,Missed,312
100.22399999999993,95.82600000000002,man-utd,everton,Missed,312
53.18399999999997,168.972,man-utd,everton,Missed,312
108.73599999999999,129.56,man-utd,everton,Missed,312
92.60799999999995,200.702,man-utd,everton,Missed,312
111.42399999999998,258.48400000000004,man-utd,everton,Missed,312
43.32799999999992,171.978,man-utd,everton,Scored,312
80.95999999999998,218.404,man-utd,everton,Missed,312
115.45599999999996,224.082,man-utd,everton,Missed,312
109.184,123.54800000000003,everton,man-utd,Missed,312
49.6,201.036,everton,man-utd,Missed,312
88.12799999999999,226.75400000000002,everton,man-utd,Missed,312
56.76799999999998,171.978,everton,man-utd,Missed,312
77.37600000000002,115.19800000000001,everton,man-utd,Missed,312
47.80799999999998,191.684,everton,man-utd,Missed,312
76.92799999999998,164.63,everton,man-utd,Missed,312
100.67199999999997,181.99800000000002,man-city,wba,Missed,315
67.51999999999998,183,man-city,wba,Scored,315
36.60799999999995,156.614,man-city,wba,Missed,315
127.55200000000002,116.20000000000002,man-city,wba,Missed,315
133.37599999999998,173.64800000000002,man-city,wba,Missed,315
70.65599999999995,173.64800000000002,man-city,wba,Missed,315
135.16799999999995,158.61800000000002,man-city,wba,Missed,315
130.23999999999995,179.326,man-city,wba,Missed,315
25.40799999999996,168.304,man-city,wba,Scored,315
63.039999999999964,198.364,man-city,wba,Missed,315
66.17599999999999,245.12400000000002,man-city,wba,Missed,315
69.75999999999999,123.54800000000003,man-city,wba,Missed,315
20.47999999999996,111.19,man-city,wba,Missed,315
106.04799999999999,108.184,wba,man-city,Missed,315
68.86399999999999,113.19399999999999,wba,man-city,Scored,315
26.752000000000027,218.07,wba,man-city,Missed,315
100.22399999999999,208.05,wba,man-city,Missed,315
65.28,133.902,wba,man-city,Missed,315
98.43200000000003,173.982,wba,man-city,Missed,315
135.61600000000004,203.37400000000002,wba,man-city,Missed,315
53.18399999999999,195.692,wba,man-city,Missed,315
70.20799999999997,225.418,wba,man-city,Missed,315
110.52799999999998,113.19399999999999,wba,man-city,Missed,315
62.14399999999999,252.80600000000004,wba,man-city,Missed,315
145.024,184.336,wba,man-city,Missed,315
83.2,185.33800000000002,wba,man-city,Missed,315
75.58399999999995,116.20000000000002,west-ham,arsenal,Missed,319
59.45599999999996,208.71800000000002,west-ham,arsenal,Missed,319
68.86399999999998,201.37,west-ham,arsenal,Missed,319
107.392,192.352,west-ham,arsenal,Missed,319
107.392,153.608,west-ham,arsenal,Missed,319
51.839999999999975,187.34199999999998,west-ham,arsenal,Scored,319
50.94399999999996,197.696,west-ham,arsenal,Missed,319
58.111999999999966,166.96800000000002,west-ham,arsenal,Scored,319
65.72799999999995,160.62199999999999,west-ham,arsenal,Missed,319
32.575999999999965,152.272,west-ham,arsenal,Scored,319
53.632000000000005,170.976,west-ham,arsenal,Missed,319
116.35199999999998,261.156,west-ham,arsenal,Missed,319
120.832,112.52600000000004,west-ham,arsenal,Missed,319
123.96799999999996,112.19200000000001,west-ham,arsenal,Missed,319
24.063999999999965,218.07,west-ham,arsenal,Missed,319
51.839999999999975,155.946,west-ham,arsenal,Missed,319
97.536,116.53399999999999,west-ham,arsenal,Missed,319
49.599999999999966,194.356,west-ham,arsenal,Missed,319
79.61599999999999,246.46,west-ham,arsenal,Missed,319
78.72,244.45600000000002,arsenal,west-ham,Missed,319
64.38399999999999,228.758,arsenal,west-ham,Scored,319
41.08799999999998,125.55199999999999,arsenal,west-ham,Missed,319
115.904,225.084,arsenal,west-ham,Missed,319
63.040000000000006,223.08,arsenal,west-ham,Scored,319
57.663999999999994,246.46,arsenal,west-ham,Missed,319
51.84,176.98800000000003,arsenal,west-ham,Scored,319
100.67200000000004,191.35,arsenal,west-ham,Missed,319
85.88799999999998,198.364,arsenal,west-ham,Missed,319
22.272000000000027,128.892,arsenal,west-ham,Missed,319
64.83200000000002,184.336,arsenal,west-ham,Missed,319
50.047999999999945,262.826,sunderland,leicester,Missed,321
75.13599999999997,174.984,sunderland,leicester,Missed,321
130.23999999999995,94.49000000000001,sunderland,leicester,Missed,321
63.039999999999964,250.13400000000001,sunderland,leicester,Missed,321
136.95999999999998,232.76600000000002,sunderland,leicester,Missed,321
94.84799999999996,154.61,sunderland,leicester,Missed,321
93.952,241.11599999999999,sunderland,leicester,Missed,321
85.88799999999992,232.43200000000002,sunderland,leicester,Missed,321
73.34399999999994,123.54800000000003,sunderland,leicester,Missed,321
136.06399999999996,201.37,sunderland,leicester,Missed,321
81.40799999999996,114.19600000000003,sunderland,leicester,Missed,321
93.50399999999996,128.224,sunderland,leicester,Missed,321
84.096,218.404,sunderland,leicester,Missed,321
53.632000000000005,154.61,sunderland,leicester,Missed,321
112.76799999999992,125.55199999999999,sunderland,leicester,Missed,321
149.95200000000003,204.71,leicester,sunderland,Missed,321
35.26399999999999,136.24,leicester,sunderland,Missed,321
123.96799999999999,123.214,leicester,sunderland,Missed,321
47.80799999999998,195.024,leicester,sunderland,Missed,321
63.040000000000006,154.94400000000002,leicester,sunderland,Missed,321
87.68,113.862,leicester,sunderland,Missed,321
83.64799999999998,195.692,leicester,sunderland,Missed,321
88.57600000000002,174.316,leicester,sunderland,Missed,321
70.20799999999997,211.39000000000001,leicester,sunderland,Missed,321
103.80799999999998,124.55000000000001,leicester,sunderland,Missed,321
47.80799999999998,239.112,leicester,sunderland,Scored,321
141.44,228.424,leicester,sunderland,Missed,321
60.800000000000004,131.89800000000002,leicester,sunderland,Missed,321
54.080000000000005,173.64800000000002,leicester,sunderland,Missed,321
62.14399999999999,166.96800000000002,leicester,sunderland,Scored,321
67.52000000000001,170.30800000000002,leicester,sunderland,Missed,321
74.68799999999993,190.348,everton,s-hampton,Missed,325
122.62399999999997,171.644,everton,s-hampton,Missed,325
129.79199999999997,148.264,everton,s-hampton,Missed,325
72.89599999999996,146.92800000000003,everton,s-hampton,Scored,325
70.20799999999991,148.264,everton,s-hampton,Missed,325
105.15199999999999,131.89800000000002,everton,s-hampton,Missed,325
136.95999999999998,123.882,everton,s-hampton,Missed,325
148.60799999999998,224.75,s-hampton,everton,Missed,325
59.45600000000002,180.996,s-hampton,everton,Missed,325
104.704,132.9,s-hampton,everton,Missed,325
52.287999999999975,120.87600000000003,s-hampton,everton,Missed,325
106.944,272.846,s-hampton,everton,Missed,325
71.55200000000002,147.596,s-hampton,everton,Missed,325
127.104,114.19600000000003,s-hampton,everton,Missed,325
80.96000000000001,164.63,s-hampton,everton,Missed,325
125.31200000000004,253.14,s-hampton,everton,Missed,325
85.44000000000001,219.74,s-hampton,everton,Missed,325
35.71200000000003,140.582,s-hampton,everton,Missed,325
75.13600000000002,114.19600000000003,s-hampton,everton,Missed,325
45.120000000000005,168.304,s-hampton,everton,Missed,325
50.04799999999998,179.994,s-hampton,everton,Scored,325
31.68,222.07800000000003,s-hampton,everton,Missed,325
72,120.542,s-hampton,everton,Missed,325
72.44799999999998,216.734,s-hampton,everton,Missed,325
37.50399999999999,217.068,s-hampton,everton,Missed,325
102.01599999999996,200.36800000000002,arsenal,cpalace,Missed,330
54.52799999999996,173.64800000000002,arsenal,cpalace,Missed,330
145.91999999999996,182.666,arsenal,cpalace,Missed,330
48.25599999999997,236.774,arsenal,cpalace,Missed,330
130.23999999999995,144.59,arsenal,cpalace,Missed,330
61.247999999999934,194.356,arsenal,cpalace,Missed,330
58.559999999999945,193.68800000000002,arsenal,cpalace,Scored,330
50.49599999999998,195.024,arsenal,cpalace,Missed,330
59.90399999999994,220.40800000000002,arsenal,cpalace,Missed,330
41.535999999999945,112.52600000000004,arsenal,cpalace,Missed,330
47.807999999999936,188.01000000000002,arsenal,cpalace,Missed,330
130.68799999999993,250.80200000000002,arsenal,cpalace,Missed,330
34.36799999999994,211.39000000000001,arsenal,cpalace,Missed,330
96.19200000000001,181.99800000000002,arsenal,cpalace,Missed,330
61.69599999999997,166.96800000000002,arsenal,cpalace,Missed,330
46.91199999999998,155.612,arsenal,cpalace,Missed,330
119.93599999999998,192.01800000000003,arsenal,cpalace,Missed,330
51.839999999999975,120.20800000000003,arsenal,cpalace,Missed,330
46.01599999999996,196.36,arsenal,cpalace,Missed,330
88.57599999999996,160.62199999999999,arsenal,cpalace,Missed,330
64.38399999999996,197.02800000000002,arsenal,cpalace,Missed,330
98.88000000000001,245.45800000000003,cpalace,arsenal,Missed,330
56.76799999999998,157.95000000000002,cpalace,arsenal,Missed,330
95.29600000000002,256.81399999999996,cpalace,arsenal,Missed,330
54.97600000000001,203.37400000000002,cpalace,arsenal,Missed,330
33.47200000000002,219.406,cpalace,arsenal,Missed,330
122.624,250.802,cpalace,arsenal,Scored,330
142.784,269.172,cpalace,arsenal,Missed,330
65.27999999999997,214.39600000000002,leicester,swansea,Scored,343
50.49599999999998,176.65400000000002,leicester,swansea,Scored,343
61.247999999999934,147.596,leicester,swansea,Missed,343
73.79199999999997,243.454,leicester,swansea,Missed,343
69.31200000000001,90.14800000000002,leicester,swansea,Missed,343
20.47999999999996,194.356,leicester,swansea,Scored,343
113.66399999999993,259.82,leicester,swansea,Missed,343
122.62399999999997,140.916,leicester,swansea,Missed,343
101.11999999999995,188.01000000000002,leicester,swansea,Missed,343
72.89599999999996,142.586,leicester,swansea,Missed,343
112.76799999999992,104.17600000000002,leicester,swansea,Missed,343
87.67999999999995,208.05,leicester,swansea,Missed,343
85.43999999999994,116.20000000000002,leicester,swansea,Missed,343
41.983999999999924,174.316,leicester,swansea,Scored,343
35.26399999999995,219.74,leicester,swansea,Missed,343
79.61599999999999,132.232,leicester,swansea,Missed,343
35.26399999999995,154.61,leicester,swansea,Missed,343
76.47999999999996,125.21800000000002,leicester,swansea,Missed,343
81.40799999999999,110.52199999999999,swansea,leicester,Missed,343
46.46399999999999,184.002,swansea,leicester,Missed,343
152.19200000000004,244.79000000000002,swansea,leicester,Missed,343
149.95200000000003,218.404,swansea,leicester,Missed,343
61.247999999999976,218.404,swansea,leicester,Missed,343
81.85600000000002,258.818,swansea,leicester,Missed,343
32.576000000000015,155.946,swansea,leicester,Missed,343
125.31200000000004,185.33800000000002,swansea,leicester,Missed,343
70.65600000000002,257.48199999999997,swansea,leicester,Missed,343
127.10399999999993,193.68800000000002,sunderland,arsenal,Missed,344
136.06399999999996,247.462,sunderland,arsenal,Missed,344
109.632,173.64800000000002,sunderland,arsenal,Missed,344
113.21599999999995,228.758,sunderland,arsenal,Missed,344
60.351999999999975,184.336,sunderland,arsenal,Missed,344
84.096,128.55800000000002,sunderland,arsenal,Missed,344
106.94399999999996,218.404,sunderland,arsenal,Missed,344
79.16799999999995,244.79000000000002,sunderland,arsenal,Missed,344
117.69599999999997,130.562,sunderland,arsenal,Missed,344
79.61599999999999,227.422,sunderland,arsenal,Missed,344
108.73599999999999,111.85800000000003,sunderland,arsenal,Missed,344
59.45599999999996,201.036,sunderland,arsenal,Missed,344
107.39200000000004,160.95600000000002,arsenal,sunderland,Missed,344
46.01600000000002,184.336,arsenal,sunderland,Missed,344
26.303999999999988,126.888,arsenal,sunderland,Missed,344
128,168.638,arsenal,sunderland,Missed,344
95.744,104.17600000000002,arsenal,sunderland,Missed,344
24.96,216.066,arsenal,sunderland,Missed,344
118.14399999999999,215.06400000000002,arsenal,sunderland,Missed,344
105.60000000000001,130.228,arsenal,sunderland,Missed,344
28.54399999999999,184.002,arsenal,sunderland,Missed,344
39.743999999999986,160.62199999999999,arsenal,sunderland,Missed,344
58.56,182.666,arsenal,sunderland,Missed,344
69.31200000000004,152.606,arsenal,sunderland,Missed,344
116.35200000000003,156.614,arsenal,sunderland,Missed,344
58.11200000000003,232.43200000000002,arsenal,sunderland,Missed,344
123.52000000000001,164.964,arsenal,sunderland,Missed,344
136.064,253.808,arsenal,sunderland,Missed,344
106.944,135.572,arsenal,sunderland,Missed,344
78.72,258.484,arsenal,sunderland,Missed,344
97.53600000000002,206.046,arsenal,sunderland,Missed,344
104.25600000000001,217.068,arsenal,sunderland,Missed,344
47.807999999999936,117.87,arsenal,norwich,Missed,346
73.34399999999994,194.356,arsenal,norwich,Missed,346
47.35999999999996,231.764,arsenal,norwich,Missed,346
102.01599999999996,161.29000000000002,arsenal,norwich,Missed,346
37.50399999999996,226.75400000000002,arsenal,norwich,Missed,346
86.78399999999993,118.20399999999998,arsenal,norwich,Missed,346
71.99999999999994,169.97400000000002,arsenal,norwich,Missed,346
80.512,184.002,arsenal,norwich,Scored,346
56.319999999999936,144.924,arsenal,norwich,Missed,346
110.976,180.996,arsenal,norwich,Missed,346
123.072,183,arsenal,norwich,Missed,346
101.56799999999993,165.632,arsenal,norwich,Missed,346
122.17599999999999,180.996,arsenal,norwich,Missed,346
93.05599999999998,212.392,arsenal,norwich,Missed,346
59.90399999999999,143.58800000000002,norwich,arsenal,Missed,346
73.344,194.356,norwich,arsenal,Missed,346
70.65600000000002,162.96,norwich,arsenal,Missed,346
127.55200000000004,222.07800000000003,norwich,arsenal,Missed,346
63.040000000000006,142.92000000000002,norwich,arsenal,Missed,346
98.43200000000003,216.4,norwich,arsenal,Missed,346
98.43200000000003,178.65800000000002,norwich,arsenal,Missed,346
104.704,219.072,norwich,arsenal,Missed,346
62.59200000000003,163.962,norwich,arsenal,Missed,346
111.42399999999999,200.03400000000002,norwich,arsenal,Missed,346
127.55200000000004,172.64600000000002,norwich,arsenal,Missed,346
55.42399999999999,221.744,norwich,arsenal,Missed,346
60.351999999999975,195.358,wba,west-ham,Missed,351
117.24799999999993,208.05,wba,west-ham,Missed,351
80.06399999999996,124.88399999999999,wba,west-ham,Missed,351
51.391999999999996,199.70000000000002,wba,west-ham,Missed,351
56.319999999999936,233.76800000000003,wba,west-ham,Missed,351
52.287999999999954,168.304,wba,west-ham,Missed,351
37.50399999999996,219.406,wba,west-ham,Missed,351
57.66399999999993,152.94,wba,west-ham,Missed,351
79.16799999999995,187.008,wba,west-ham,Missed,351
132.92799999999994,181.33,wba,west-ham,Missed,351
141.88799999999992,226.75400000000002,wba,west-ham,Missed,351
53.632000000000005,178.65800000000002,wba,west-ham,Missed,351
146.81599999999997,256.814,wba,west-ham,Missed,351
117.69599999999997,241.11599999999999,wba,west-ham,Missed,351
49.599999999999966,165.29800000000003,wba,west-ham,Missed,351
138.75200000000004,124.55000000000001,west-ham,wba,Missed,351
70.65600000000002,209.386,west-ham,wba,Missed,351
117.24799999999999,187.34199999999998,west-ham,wba,Missed,351
36.160000000000004,195.358,west-ham,wba,Scored,351
98.43200000000003,255.478,west-ham,wba,Missed,351
67.52000000000001,197.02800000000002,west-ham,wba,Scored,351
54.97600000000001,161.62400000000002,west-ham,wba,Scored,351
41.08799999999998,161.62400000000002,west-ham,wba,Missed,351
101.56799999999993,231.764,s-hampton,man-city,Missed,353
117.24799999999993,186.674,s-hampton,man-city,Missed,353
101.11999999999995,244.79000000000002,s-hampton,man-city,Missed,353
46.01599999999996,201.37,s-hampton,man-city,Missed,353
38.847999999999956,195.692,s-hampton,man-city,Scored,353
67.51999999999998,239.446,s-hampton,man-city,Scored,353
122.62399999999997,181.99800000000002,s-hampton,man-city,Missed,353
44.22399999999993,161.29000000000002,s-hampton,man-city,Missed,353
83.64799999999991,216.4,s-hampton,man-city,Missed,353
20.92799999999994,197.02800000000002,s-hampton,man-city,Scored,353
42.43199999999996,173.982,s-hampton,man-city,Missed,353
67.072,223.08,s-hampton,man-city,Scored,353
59.007999999999925,174.65,s-hampton,man-city,Missed,353
118.14399999999995,217.068,s-hampton,man-city,Missed,353
54.97600000000001,194.022,man-city,s-hampton,Missed,353
112.32000000000001,231.43,man-city,s-hampton,Missed,353
49.15200000000003,177.99,man-city,s-hampton,Scored,353
81.85600000000002,171.644,man-city,s-hampton,Missed,353
93.95200000000003,126.888,man-city,s-hampton,Scored,353
75.13600000000002,117.87,man-city,s-hampton,Missed,353
81.40799999999996,206.38,swansea,liverpool,Missed,354
80.512,141.25,swansea,liverpool,Missed,354
126.20799999999997,184.336,swansea,liverpool,Missed,354
34.815999999999974,180.662,swansea,liverpool,Scored,354
76.47999999999996,153.608,swansea,liverpool,Missed,354
76.92799999999994,130.228,swansea,liverpool,Missed,354
68.86399999999998,224.082,swansea,liverpool,Missed,354
73.34399999999994,195.024,swansea,liverpool,Missed,354
31.23199999999997,187.008,swansea,liverpool,Missed,354
108.73599999999999,141.25,swansea,liverpool,Scored,354
81.856,139.91400000000002,swansea,liverpool,Missed,354
63.93599999999998,179.994,swansea,liverpool,Scored,354
132.47999999999996,180.996,swansea,liverpool,Missed,354
148.60799999999995,168.972,swansea,liverpool,Missed,354
55.42399999999992,205.044,swansea,liverpool,Missed,354
127.55200000000002,139.246,swansea,liverpool,Missed,354
118.14399999999995,118.20399999999998,swansea,liverpool,Missed,354
119.48799999999994,243.454,swansea,liverpool,Missed,354
68.41600000000003,200.03400000000002,liverpool,swansea,Missed,354
116.35200000000003,170.976,liverpool,swansea,Missed,354
54.97600000000001,194.356,liverpool,swansea,Missed,354
136.064,186.34,liverpool,swansea,Missed,354
100.22399999999999,248.13,liverpool,swansea,Missed,354
132.03200000000004,154.61,liverpool,swansea,Missed,354
123.96799999999999,159.954,liverpool,swansea,Missed,354
44.672000000000025,182.666,liverpool,swansea,Scored,354
127.104,194.356,liverpool,swansea,Missed,354
101.56799999999998,278.858,liverpool,swansea,Missed,354
147.264,136.24,liverpool,swansea,Missed,354
45.11999999999995,187.34199999999998,leicester,everton,Scored,359
44.22399999999993,166.3,leicester,everton,Missed,359
132.92799999999994,139.246,leicester,everton,Missed,359
65.72799999999995,201.036,leicester,everton,Scored,359
87.67999999999995,190.014,leicester,everton,Missed,359
26.75200000000001,217.736,leicester,everton,Missed,359
93.952,160.62199999999999,leicester,everton,Missed,359
107.392,219.74,leicester,everton,Missed,359
46.46399999999994,146.92800000000003,leicester,everton,Missed,359
123.96799999999996,229.426,leicester,everton,Missed,359
52.287999999999954,198.364,leicester,everton,Missed,359
140.99200000000002,189.68,leicester,everton,Missed,359
67.51999999999998,183,leicester,everton,Scored,359
95.74399999999997,135.23800000000003,leicester,everton,Missed,359
74.23999999999995,130.228,leicester,everton,Missed,359
38.39999999999998,211.39000000000001,leicester,everton,Missed,359
67.51999999999998,183,leicester,everton,Missed,359
124.86399999999998,192.352,leicester,everton,Missed,359
64.832,211.056,leicester,everton,Missed,359
72.44799999999992,188.34400000000002,leicester,everton,Missed,359
121.72799999999995,202.038,leicester,everton,Missed,359
90.81599999999997,127.22200000000001,leicester,everton,Missed,359
64.832,229.76,leicester,everton,Missed,359
34.36799999999994,179.326,leicester,everton,Missed,359
52.287999999999954,206.046,leicester,everton,Missed,359
28.095999999999947,158.61800000000002,leicester,everton,Missed,359
59.45599999999996,212.392,leicester,everton,Missed,359
46.46399999999994,118.20399999999998,leicester,everton,Missed,359
66.17599999999999,215.06400000000002,leicester,everton,Missed,359
121.72799999999995,126.888,leicester,everton,Missed,359
67.51999999999998,254.476,leicester,everton,Missed,359
76.03199999999998,195.024,leicester,everton,Missed,359
76.48,125.21800000000002,everton,leicester,Missed,359
54.97600000000001,154.61,everton,leicester,Missed,359
114.11200000000004,148.932,everton,leicester,Missed,359
37.50399999999999,201.036,everton,leicester,Missed,359
140.54399999999998,213.06,everton,leicester,Missed,359
33.47200000000002,205.37800000000001,everton,leicester,Missed,359
54.97600000000001,141.25,everton,leicester,Missed,359
136.96,153.942,everton,leicester,Missed,359
52.287999999999975,207.048,everton,leicester,Scored,359
41.983999999999924,171.978,west-ham,swansea,Missed,362
99.32799999999992,109.52000000000001,west-ham,swansea,Missed,362
105.15199999999999,192.352,west-ham,swansea,Missed,362
136.512,204.042,west-ham,swansea,Missed,362
128.89599999999996,134.904,west-ham,swansea,Missed,362
74.23999999999995,157.95000000000002,west-ham,swansea,Missed,362
38.39999999999998,133.902,west-ham,swansea,Missed,362
116.79999999999995,114.864,west-ham,swansea,Missed,362
118.59199999999998,253.808,west-ham,swansea,Missed,362
78.27199999999999,122.21199999999999,west-ham,swansea,Missed,362
33.47199999999998,202.37199999999999,west-ham,swansea,Missed,362
27.199999999999932,161.95800000000003,west-ham,swansea,Missed,362
56.767999999999915,200.36800000000002,west-ham,swansea,Missed,362
107.83999999999997,217.068,west-ham,swansea,Missed,362
110.976,202.706,west-ham,swansea,Missed,362
53.632000000000005,149.93400000000003,west-ham,swansea,Missed,362
69.75999999999999,252.80599999999998,west-ham,swansea,Missed,362
24.95999999999998,186.006,west-ham,swansea,Scored,362
35.71199999999999,190.014,west-ham,swansea,Missed,362
41.983999999999924,162.96,west-ham,swansea,Missed,362
133.37599999999998,201.704,west-ham,swansea,Missed,362
108.73599999999999,240.448,west-ham,swansea,Missed,362
89.47199999999998,219.74,west-ham,swansea,Missed,362
51.391999999999996,209.386,west-ham,swansea,Missed,362
103.35999999999996,120.20800000000003,west-ham,swansea,Missed,362
80.512,129.56,west-ham,swansea,Missed,362
35.71200000000003,189.012,swansea,west-ham,Scored,362
56.32000000000001,212.392,swansea,west-ham,Missed,362
34.36799999999998,184.336,swansea,west-ham,Scored,362
125.76,228.758,swansea,west-ham,Missed,362
54.97600000000001,165.29800000000003,swansea,west-ham,Missed,362
92.60799999999998,115.19800000000001,swansea,west-ham,Missed,362
63.040000000000006,192.352,swansea,west-ham,Scored,362
67.52000000000001,200.702,swansea,west-ham,Missed,362
47.80799999999998,175.318,swansea,west-ham,Missed,362
52.287999999999975,117.87,swansea,west-ham,Missed,362
126.20799999999998,182.666,swansea,west-ham,Missed,362
62.59200000000003,206.714,swansea,west-ham,Scored,362
119.04,200.36800000000002,swansea,west-ham,Missed,362
52.73599999999999,205.044,liverpool,watford,Missed,363
50.94399999999996,119.54000000000002,liverpool,watford,Missed,363
119.48799999999994,135.572,liverpool,watford,Missed,363
63.93599999999998,240.114,liverpool,watford,Missed,363
65.72799999999995,193.02,liverpool,watford,Scored,363
116.35199999999998,159.954,liverpool,watford,Missed,363
114.55999999999995,161.95800000000003,liverpool,watford,Missed,363
157.56799999999993,93.822,liverpool,watford,Missed,363
110.52799999999996,178.65800000000002,liverpool,watford,Missed,363
76.03199999999998,146.59400000000002,liverpool,watford,Missed,363
56.767999999999915,175.318,liverpool,watford,Missed,363
50.047999999999945,263.828,liverpool,watford,Missed,363
94.39999999999998,213.728,liverpool,watford,Scored,363
61.247999999999934,213.06,liverpool,watford,Missed,363
54.976,165.632,liverpool,watford,Missed,363
32.575999999999965,201.37,liverpool,watford,Missed,363
81.40799999999996,116.86800000000002,liverpool,watford,Missed,363
31.23199999999997,143.922,liverpool,watford,Missed,363
36.60799999999995,175.318,liverpool,watford,Missed,363
70.20799999999997,155.612,watford,liverpool,Missed,363
174.144,141.25,watford,liverpool,Missed,363
50.496000000000016,253.474,watford,liverpool,Missed,363
76.48,144.256,watford,liverpool,Missed,363
51.84,176.32,watford,liverpool,Missed,363
48.70399999999999,181.33,watford,liverpool,Missed,363
73.344,137.242,watford,liverpool,Missed,363
83.64799999999998,174.65,watford,liverpool,Missed,363
121.72799999999998,262.826,watford,liverpool,Missed,363
108.73600000000002,208.05,watford,liverpool,Missed,363
80.51200000000003,123.882,watford,liverpool,Missed,363
46.91200000000003,129.22600000000003,watford,liverpool,Missed,363
45.120000000000005,205.37800000000001,watford,liverpool,Missed,363
59.00799999999998,177.322,watford,liverpool,Missed,363
81.856,214.39600000000002,man-city,arsenal,Scored,364
130.68799999999993,195.024,man-city,arsenal,Missed,364
76.03199999999998,158.61800000000002,man-city,arsenal,Missed,364
72.89599999999996,233.43400000000003,man-city,arsenal,Missed,364
35.26399999999995,153.608,man-city,arsenal,Missed,364
131.13599999999997,248.798,man-city,arsenal,Missed,364
38.847999999999956,250.13400000000001,man-city,arsenal,Missed,364
111.87200000000001,150.936,man-city,arsenal,Scored,364
101.56799999999993,183.334,man-city,arsenal,Missed,364
64.832,84.80399999999997,man-city,arsenal,Missed,364
56.319999999999936,126.888,man-city,arsenal,Missed,364
54.079999999999984,217.736,man-city,arsenal,Missed,364
80.95999999999998,182.666,man-city,arsenal,Missed,364
71.55199999999996,201.37,man-city,arsenal,Missed,364
45.120000000000005,181.33,arsenal,man-city,Scored,364
111.87200000000003,126.22,arsenal,man-city,Missed,364
93.05600000000003,121.21000000000001,arsenal,man-city,Missed,364
87.68,184.002,arsenal,man-city,Scored,364
58.56,163.294,arsenal,man-city,Missed,364
67.072,168.304,spurs,s-hampton,Missed,365
79.16799999999995,151.604,spurs,s-hampton,Missed,365
49.15199999999999,180.662,spurs,s-hampton,Missed,365
32.575999999999965,196.36,spurs,s-hampton,Scored,365
49.15199999999999,217.736,spurs,s-hampton,Missed,365
84.99199999999996,195.692,spurs,s-hampton,Missed,365
131.13599999999997,226.75400000000002,spurs,s-hampton,Missed,365
123.072,120.87600000000003,spurs,s-hampton,Missed,365
129.79199999999997,248.13,spurs,s-hampton,Missed,365
33.47199999999998,114.19600000000003,spurs,s-hampton,Missed,365
30.783999999999935,151.604,spurs,s-hampton,Missed,365
132.47999999999996,153.608,spurs,s-hampton,Missed,365
63.039999999999964,219.072,spurs,s-hampton,Missed,365
80.512,256.48,spurs,s-hampton,Missed,365
102.91199999999998,250.80200000000002,spurs,s-hampton,Missed,365
132.03199999999998,153.608,spurs,s-hampton,Missed,365
55.42399999999992,176.32,spurs,s-hampton,Missed,365
106.49599999999998,258.48400000000004,spurs,s-hampton,Missed,365
46.01599999999996,157.95000000000002,spurs,s-hampton,Missed,365
103.35999999999996,251.47,spurs,s-hampton,Missed,365
32.12799999999997,231.43,s-hampton,spurs,Missed,365
115.45600000000002,239.112,s-hampton,spurs,Missed,365
56.32000000000001,235.772,s-hampton,spurs,Missed,365
30.78399999999999,155.27800000000002,s-hampton,spurs,Scored,365
45.120000000000005,172.312,s-hampton,spurs,Missed,365
96.64000000000001,113.52800000000002,s-hampton,spurs,Missed,365
137.408,162.626,s-hampton,spurs,Missed,365
95.29600000000002,193.02,s-hampton,spurs,Scored,365
80.51200000000003,110.52199999999999,s-hampton,spurs,Missed,365
100.67200000000004,138.57800000000003,s-hampton,spurs,Missed,365
57.66399999999993,121.87800000000001,everton,norwich,Missed,372
113.21599999999995,175.986,everton,norwich,Missed,372
93.952,187.34199999999998,everton,norwich,Missed,372
75.13599999999997,215.732,everton,norwich,Missed,372
115.00799999999992,213.394,everton,norwich,Scored,372
56.767999999999915,173.64800000000002,everton,norwich,Missed,372
59.007999999999925,201.704,everton,norwich,Missed,372
71.55199999999996,132.232,everton,norwich,Missed,372
67.51999999999998,183,everton,norwich,Scored,372
98.87999999999994,264.496,everton,norwich,Missed,372
46.01599999999996,154.61,everton,norwich,Scored,372
155.776,157.95000000000002,everton,norwich,Missed,372
65.72799999999995,114.864,everton,norwich,Missed,372
84.096,135.572,everton,norwich,Missed,372
86.78399999999993,219.072,everton,norwich,Missed,372
121.72799999999998,267.168,norwich,everton,Missed,372
51.84,133.23399999999998,norwich,everton,Missed,372
47.36,213.06,norwich,everton,Missed,372
81.40799999999999,258.484,norwich,everton,Missed,372
62.14399999999999,225.418,norwich,everton,Missed,372
70.20799999999997,151.93800000000002,norwich,everton,Missed,372
93.95200000000003,193.68800000000002,norwich,everton,Missed,372
46.91200000000003,262.826,norwich,everton,Missed,372
113.21600000000002,123.214,norwich,everton,Missed,372
33.02399999999999,219.74,norwich,everton,Missed,372
49.6,186.34,norwich,everton,Missed,372
137.40799999999996,198.698,swansea,man-city,Missed,376
124.416,120.20800000000003,swansea,man-city,Missed,376
136.512,179.66,swansea,man-city,Scored,376
63.039999999999964,209.386,swansea,man-city,Missed,376
28.096000000000014,198.364,man-city,swansea,Scored,376
50.496000000000016,197.02800000000002,man-city,swansea,Missed,376
32.576000000000015,179.326,man-city,swansea,Missed,376
39.743999999999986,115.86600000000004,man-city,swansea,Missed,376
54.97600000000001,254.81,man-city,swansea,Missed,376
130.24,207.382,man-city,swansea,Missed,376
47.80799999999998,204.042,man-city,swansea,Missed,376
98.43200000000003,176.32,man-city,swansea,Missed,376
68.41600000000003,270.174,man-city,swansea,Missed,376
121.72799999999998,138.57800000000003,man-city,swansea,Missed,376
113.664,207.048,man-city,swansea,Missed,376
81.40799999999999,169.97400000000002,man-city,swansea,Missed,376
88.57600000000002,231.43,man-city,swansea,Missed,376
36.160000000000004,160.95600000000002,man-city,swansea,Missed,376
102.01600000000002,200.36800000000002,man-city,swansea,Missed,376
76.03200000000004,171.644,man-city,swansea,Missed,376
119.93600000000002,155.946,man-city,swansea,Missed,376
96.19200000000004,198.03,man-city,swansea,Missed,376
119.48799999999994,134.57000000000002,watford,sunderland,Missed,377
89.91999999999996,224.082,watford,sunderland,Missed,377
116.79999999999995,173.64800000000002,watford,sunderland,Missed,377
98.87999999999994,162.626,watford,sunderland,Missed,377
48.70399999999995,168.972,watford,sunderland,Missed,377
53.632000000000005,120.20800000000003,watford,sunderland,Missed,377
133.37599999999998,124.21600000000004,watford,sunderland,Missed,377
87.67999999999995,205.37800000000001,watford,sunderland,Missed,377
109.632,111.19,watford,sunderland,Missed,377
94.39999999999998,190.348,watford,sunderland,Missed,377
54.52799999999996,183.334,watford,sunderland,Scored,377
97.08799999999997,133.902,watford,sunderland,Missed,377
52.287999999999954,189.012,watford,sunderland,Missed,377
107.83999999999997,155.27800000000002,watford,sunderland,Missed,377
125.31200000000001,107.51600000000002,watford,sunderland,Missed,377
67.51999999999998,183,watford,sunderland,Scored,377
94.84799999999996,251.136,watford,sunderland,Missed,377
147.26399999999995,197.02800000000002,watford,sunderland,Missed,377
62.14399999999995,190.682,watford,sunderland,Missed,377
41.983999999999924,259.152,watford,sunderland,Missed,377
28.096000000000014,208.71800000000002,sunderland,watford,Scored,377
95.744,178.65800000000002,sunderland,watford,Missed,377
107.84,242.452,sunderland,watford,Missed,377
80.064,170.976,sunderland,watford,Missed,377
68.41600000000003,162.626,sunderland,watford,Scored,377
44.22399999999999,243.788,sunderland,watford,Missed,377
56.767999999999915,230.094,wba,liverpool,Scored,378
122.62399999999997,116.86800000000002,wba,liverpool,Missed,378
28.543999999999926,204.376,wba,liverpool,Missed,378
63.93599999999998,226.086,wba,liverpool,Missed,378
137.40799999999996,151.604,wba,liverpool,Missed,378
115.00799999999992,132.232,wba,liverpool,Missed,378
47.807999999999936,205.37800000000001,wba,liverpool,Missed,378
140.54399999999998,249.466,wba,liverpool,Missed,378
24.512,189.68,wba,liverpool,Missed,378
53.632000000000005,222.07800000000003,wba,liverpool,Missed,378
49.15199999999999,119.54000000000002,wba,liverpool,Missed,378
32.12799999999993,173.64800000000002,wba,liverpool,Missed,378
123.96799999999996,122.88,wba,liverpool,Missed,378
115.00799999999998,251.80399999999997,liverpool,wba,Missed,378
67.07200000000003,224.082,liverpool,wba,Missed,378
78.27200000000003,170.642,liverpool,wba,Scored,378
74.24000000000001,216.066,liverpool,wba,Missed,378
140.99200000000002,168.972,liverpool,wba,Missed,378
112.76799999999999,204.042,liverpool,wba,Missed,378
70.65600000000002,268.17,liverpool,wba,Missed,378
